match_id,side,win,hero,kills,assists,deaths,denies,last_hits,gold_per_min,total_gold,highest_ks,pings,xp_per_min,kda,neutral_creeps,lane_creeps,lane,is_roaming,duration,radiant_score,dire_score,radiant_team,dire_team,league,patch,start_time,dn_10,dn_20,dn_30,lh_10,lh_20,lh_30,nw_10,nw_20,nw_30,xp_10,xp_20,xp_30,xp_diff_10,xp_diff_20,xp_diff_30,gold_diff_10,gold_diff_20,gold_diff_30
4791302053,Radiant,Lose,Phoenix,4,2,4,4,52,290,6418,3.0,8,320,1.5,1,55,top,No,22:08,10,23,Team Liquid,Vici Gaming,ESL One Birmingham 2019 powered by Intel,7.22,2019-05-28,3.0,4.0,,10.0,49.0,,1946.0,5681.0,,1695.0,5970.0,,-2075.0,-11688.0,,-1245.0,-9567.0,
4791483362,Radiant,Win,Earthshaker,7,14,6,8,189,418,20572,3.0,81,626,3.5,72,118,top,No,49:13,38,40,Team Liquid,Vici Gaming,ESL One Birmingham 2019 powered by Intel,7.22,2019-05-28,5.0,7.0,7.0,49.0,102.0,128.0,2781.0,6356.0,10685.0,3835.0,7867.0,14427.0,411.0,-7827.0,298.0,-315.0,-4366.0,790.0
4791794822,Radiant,Win,Beastmaster,2,13,6,20,203,434,17439,,35,575,2.5,69,140,top,No,40:11,20,25,Team Liquid,Ninjas in Pyjamas,ESL One Birmingham 2019 powered by Intel,7.22,2019-05-28,15.0,15.0,19.0,43.0,69.0,154.0,3200.0,6489.0,11653.0,2909.0,5596.0,13868.0,1715.0,-195.0,9495.0,3844.0,3937.0,6571.0
4791944283,Dire,Lose,Dark Seer,3,10,8,3,284,392,20370,,33,403,1.62,70,212,bot,No,51:58,54,16,Ninjas in Pyjamas,Team Liquid,ESL One Birmingham 2019 powered by Intel,7.22,2019-05-28,2.0,2.0,3.0,50.0,136.0,164.0,2814.0,7603.0,10341.0,2890.0,7682.0,10736.0,-1793.0,-7707.0,-21374.0,-1725.0,-6117.0,-13688.0
4793812060,Dire,Win,Beastmaster,2,12,4,17,163,448,14306,,20,618,3.5,20,151,top,No,31:56,18,22,Newbee,Team Liquid,ESL One Birmingham 2019 powered by Intel,7.22,2019-05-29,11.0,16.0,17.0,34.0,94.0,130.0,3020.0,7111.0,12096.0,3029.0,7956.0,17688.0,-2217.0,-2515.0,17960.0,-1781.0,-2445.0,9950.0
4793983337,Radiant,Lose,Mars,4,5,4,10,120,347,10699,,55,351,2.25,17,108,top,No,30:50,12,32,Team Liquid,Newbee,ESL One Birmingham 2019 powered by Intel,7.22,2019-05-29,7.0,9.0,10.0,29.0,75.0,117.0,2764.0,6274.0,10079.0,2026.0,5724.0,9981.0,167.0,-4569.0,-26808.0,1779.0,-1311.0,-7633.0
4794216692,Dire,Win,Sand King,2,25,4,6,230,422,21915,,44,554,6.75,48,171,bot,No,51:56,23,35,TNC Predator,Team Liquid,ESL One Birmingham 2019 powered by Intel,7.22,2019-05-29,3.0,6.0,6.0,40.0,76.0,119.0,2612.0,5962.0,9689.0,2220.0,5712.0,9689.0,571.0,-90.0,1628.0,78.0,-500.0,-2016.0
4794491877,Dire,Lose,Omniknight,0,4,4,5,107,311,13248,,28,420,1.0,28,77,bot,No,42:36,34,26,TNC Predator,Team Liquid,ESL One Birmingham 2019 powered by Intel,7.22,2019-05-29,0.0,4.0,5.0,10.0,52.0,92.0,1247.0,4632.0,9179.0,1731.0,6217.0,13251.0,165.0,-1279.0,-3528.0,-190.0,481.0,-466.0
4796449659,Dire,Win,Sand King,5,16,1,14,116,423,12083,3.0,25,459,21.0,16,111,bot,No,28:34,8,34,OG,Team Liquid,ESL One Birmingham 2019 powered by Intel,7.22,2019-05-30,9.0,14.0,,54.0,101.0,,3874.0,7587.0,,4373.0,8671.0,,1612.0,8326.0,,1663.0,5994.0,
4796609238,Dire,Lose,Earthshaker,5,7,3,15,222,485,16506,3.0,33,627,4.0,60,163,bot,No,34:02,22,25,OG,Team Liquid,ESL One Birmingham 2019 powered by Intel,7.22,2019-05-30,12.0,12.0,14.0,64.0,110.0,193.0,4001.0,7260.0,13491.0,4737.0,8034.0,16638.0,1679.0,4529.0,14214.0,3586.0,5255.0,8058.0
4799062249,Dire,Lose,Omniknight,1,12,4,10,118,329,16630,,57,337,3.25,32,88,bot,No,50:33,33,22,Gambit Esports,Team Liquid,ESL One Birmingham 2019 powered by Intel,7.22,2019-05-31,4.0,10.0,10.0,12.0,55.0,79.0,1522.0,5345.0,9474.0,1896.0,6025.0,9936.0,-1368.0,-2877.0,-4891.0,-139.0,-1982.0,-4974.0
4799287957,Radiant,Win,Nature's Prophet,3,14,2,12,171,455,13521,,29,494,8.5,37,104,top,No,29:43,25,2,Team Liquid,Gambit Esports,ESL One Birmingham 2019 powered by Intel,7.22,2019-05-31,6.0,6.0,12.0,25.0,77.0,164.0,2202.0,6670.0,12430.0,3015.0,6570.0,12879.0,1272.0,2027.0,13873.0,4246.0,10361.0,19188.0
4799474584,Radiant,Lose,Sand King,0,12,8,6,235,397,18043,,37,511,1.5,64,161,top,No,45:27,23,33,Team Liquid,Gambit Esports,ESL One Birmingham 2019 powered by Intel,7.22,2019-05-31,0.0,4.0,5.0,15.0,71.0,147.0,1555.0,5601.0,9957.0,2054.0,7292.0,12715.0,675.0,1070.0,-2097.0,140.0,-615.0,-3151.0
4857140141,Dire,Win,Dark Seer,6,7,3,1,198,510,16133,6.0,32,488,4.33,53,133,bot,No,31:38,15,23,Gambit Esports,Team Liquid,EPICENTER Major 2019,7.22,2019-06-22,0.0,1.0,1.0,49.0,125.0,188.0,3561.0,8562.0,14305.0,3011.0,7686.0,13725.0,-1194.0,6307.0,14715.0,-210.0,4376.0,16815.0
4857280387,Radiant,Lose,Puck,1,10,9,7,168,373,14752,,51,484,1.22,6,160,top,No,39:33,19,30,Team Liquid,Gambit Esports,EPICENTER Major 2019,7.22,2019-06-22,4.0,6.0,6.0,35.0,93.0,132.0,2533.0,6687.0,10546.0,2532.0,5505.0,11428.0,-794.0,202.0,3315.0,-670.0,-46.0,-351.0
4857432327,Radiant,Win,Axe,8,7,5,4,207,463,17624,6.0,68,541,3.0,70,136,bot,No,38:04,27,11,Team Liquid,Gambit Esports,EPICENTER Major 2019,7.22,2019-06-22,3.0,4.0,4.0,70.0,101.0,155.0,3940.0,7043.0,11458.0,4568.0,7347.0,13468.0,184.0,-3185.0,12907.0,2239.0,-1017.0,5297.0
4857682196,Radiant,Lose,Venomancer,0,7,12,8,163,352,13505,,46,255,0.58,77,77,top,No,38:22,16,32,Team Liquid,Evil Geniuses,EPICENTER Major 2019,7.22,2019-06-22,0.0,7.0,8.0,9.0,73.0,120.0,1419.0,5321.0,9699.0,575.0,5191.0,7971.0,-527.0,-5361.0,-14254.0,-829.0,-2457.0,-5715.0
4857868265,Radiant,Win,Legion Commander,4,15,5,4,98,361,10631,,40,499,3.8,16,81,top,No,29:27,32,13,Team Liquid,Evil Geniuses,EPICENTER Major 2019,7.22,2019-06-22,1.0,4.0,4.0,26.0,70.0,94.0,2385.0,6284.0,9867.0,1705.0,6187.0,12903.0,-713.0,2997.0,17561.0,956.0,2403.0,8816.0
4858009797,Radiant,Win,Doom,6,21,1,9,174,600,19600,6.0,46,633,27.0,44,122,bot,No,32:40,41,9,Team Liquid,Evil Geniuses,EPICENTER Major 2019,7.22,2019-06-22,7.0,9.0,9.0,53.0,122.0,166.0,3804.0,10139.0,16228.0,3594.0,9385.0,15911.0,-200.0,4124.0,18059.0,1299.0,7953.0,15391.0
4861909497,Dire,Win,Axe,10,10,4,1,263,495,23149,3.0,117,576,5.0,92,154,bot,No,46:46,16,27,PSG.LGD,Team Liquid,EPICENTER Major 2019,7.22,2019-06-24,0.0,1.0,1.0,65.0,126.0,184.0,3847.0,8147.0,13480.0,4101.0,9066.0,14692.0,450.0,4187.0,3155.0,457.0,1224.0,907.0
4862093137,Radiant,Win,Axe,8,14,8,2,173,424,18274,3.0,106,485,2.75,100,69,top,No,43:06,34,26,Team Liquid,PSG.LGD,EPICENTER Major 2019,7.22,2019-06-24,1.0,1.0,2.0,46.0,91.0,109.0,2763.0,6498.0,10736.0,3105.0,7068.0,10883.0,-309.0,5979.0,-4862.0,-408.0,6948.0,8162.0
4862569782,Dire,Win,Axe,3,7,4,2,132,376,8911,3.0,67,405,2.5,56,73,bot,No,23:42,7,19,Virtus.pro,Team Liquid,EPICENTER Major 2019,7.22,2019-06-24,0.0,2.0,,45.0,102.0,,2632.0,6324.0,,2263.0,6684.0,,1270.0,5317.0,,1051.0,4656.0,
4862639921,Dire,Lose,Batrider,1,13,11,6,187,412,17043,,78,451,1.27,48,137,bot,No,41:22,43,23,Virtus.pro,Team Liquid,EPICENTER Major 2019,7.22,2019-06-24,6.0,6.0,6.0,23.0,86.0,143.0,2225.0,6692.0,11349.0,2604.0,7562.0,12754.0,456.0,3204.0,-407.0,625.0,-85.0,-825.0
4862724858,Dire,Win,Beastmaster,4,8,4,11,71,393,8822,4.0,40,423,3.0,19,57,top,No,22:27,11,23,Virtus.pro,Team Liquid,EPICENTER Major 2019,7.22,2019-06-24,10.0,11.0,,28.0,71.0,,2873.0,7124.0,,3239.0,7809.0,,2239.0,5007.0,,3134.0,11137.0,
4870893860,Dire,Lose,Doom,2,7,3,16,257,545,23180,,75,445,3.0,82,182,top,No,42:32,24,12,Vici Gaming,Team Liquid,EPICENTER Major 2019,7.22,2019-06-28,9.0,14.0,15.0,53.0,122.0,186.0,3728.0,9168.0,15318.0,4101.0,8455.0,12857.0,-141.0,-3000.0,-9602.0,94.0,-2706.0,-6637.0
4871042223,Radiant,Win,Beastmaster,1,13,2,25,159,410,14664,,38,495,7.0,45,120,bot,No,35:46,25,11,Team Liquid,Vici Gaming,EPICENTER Major 2019,7.22,2019-06-28,19.0,25.0,25.0,33.0,83.0,126.0,2393.0,7425.0,11599.0,2097.0,7611.0,11001.0,-988.0,976.0,-2261.0,-620.0,2993.0,8040.0
4871142851,Dire,Lose,Dark Seer,0,9,5,1,188,332,12643,,40,350,1.8,44,142,bot,No,38:05,29,15,Vici Gaming,Team Liquid,EPICENTER Major 2019,7.22,2019-06-28,0.0,1.0,1.0,20.0,82.0,132.0,1946.0,5849.0,9389.0,1699.0,6153.0,9440.0,-274.0,-8023.0,-17162.0,619.0,-2937.0,-9503.0
4874722743,Radiant,Win,Sand King,5,20,8,5,179,386,18785,3.0,103,553,3.12,33,136,top,No,48:40,31,27,Team Liquid,Virtus.pro,EPICENTER Major 2019,7.22,2019-06-30,2.0,4.0,5.0,15.0,65.0,105.0,1665.0,6245.0,9473.0,1720.0,6129.0,9933.0,-1043.0,3471.0,5739.0,-1296.0,1078.0,4646.0
4874877277,Radiant,Win,Sand King,7,19,2,7,81,407,10622,4.0,78,503,13.0,15,71,top,No,26:06,37,15,Team Liquid,Virtus.pro,EPICENTER Major 2019,7.22,2019-06-30,5.0,7.0,,34.0,64.0,,3053.0,7827.0,,3046.0,8416.0,,1467.0,8431.0,,2595.0,7997.0,
4875096452,Radiant,Win,Centaur Warrunner,1,15,7,16,216,438,18622,,76,467,2.29,65,156,top,No,42:31,43,23,Team Liquid,Vici Gaming,EPICENTER Major 2019,7.22,2019-06-30,9.0,16.0,16.0,20.0,77.0,142.0,2012.0,6194.0,10856.0,1610.0,5762.0,11792.0,1646.0,8898.0,10804.0,1873.0,7497.0,14246.0
4875286435,Dire,Lose,Mars,0,3,6,8,126,337,9121,,77,360,0.5,17,109,bot,No,27:04,26,12,Vici Gaming,Team Liquid,EPICENTER Major 2019,7.22,2019-06-30,7.0,8.0,,43.0,88.0,,2686.0,6085.0,,3368.0,6306.0,,318.0,-908.0,,-320.0,-510.0,
4875430981,Radiant,Lose,Enigma,4,8,6,51,237,488,19341,,29,450,2.0,69,193,top,No,39:38,24,32,Team Liquid,Vici Gaming,EPICENTER Major 2019,7.22,2019-06-30,21.0,26.0,42.0,36.0,109.0,190.0,3116.0,8626.0,14552.0,3735.0,8874.0,14655.0,597.0,-2975.0,-12903.0,976.0,-697.0,-2324.0
4875616323,Dire,Win,Centaur Warrunner,0,17,8,6,268,354,22986,,137,451,2.12,101,157,bot,No,04:56,39,24,Vici Gaming,Team Liquid,EPICENTER Major 2019,7.22,2019-06-30,3.0,5.0,5.0,52.0,109.0,168.0,2822.0,6870.0,10429.0,3558.0,8106.0,11249.0,-36.0,-6819.0,-17216.0,-869.0,-3949.0,-7024.0
4875804229,Dire,Lose,Centaur Warrunner,3,2,8,15,137,338,11187,,24,334,0.62,29,112,bot,No,33:06,35,10,Vici Gaming,Team Liquid,EPICENTER Major 2019,7.22,2019-06-30,11.0,15.0,15.0,38.0,87.0,125.0,2880.0,6056.0,8888.0,2743.0,5998.0,8923.0,-269.0,-7090.0,-23951.0,265.0,-6120.0,-18245.0
4967601727,Radiant,Lose,Beastmaster,1,8,6,21,271,434,20781,,54,618,1.5,74,211,top,No,47:53,15,39,Team Liquid,Newbee,The International 2019,7.22,2019-08-15,16.0,20.0,20.0,43.0,99.0,162.0,2921.0,6601.0,10379.0,3341.0,6743.0,11277.0,-146.0,-8209.0,-23157.0,-236.0,-1824.0,-2435.0
4967654870,Dire,Lose,Axe,1,3,10,8,169,285,11799,,90,330,0.4,76,97,top,No,41:24,39,15,Newbee,Team Liquid,The International 2019,7.22,2019-08-15,4.0,8.0,8.0,61.0,112.0,142.0,3368.0,6481.0,9099.0,3955.0,7267.0,11493.0,-260.0,-6088.0,-22577.0,510.0,-2755.0,-9559.0
4967821629,Radiant,Win,Sand King,0,31,5,1,136,373,14745,,90,554,6.2,19,112,bot,No,39:32,41,14,Team Liquid,Chaos EC,The International 2019,7.22,2019-08-15,1.0,1.0,1.0,34.0,92.0,114.0,2377.0,6462.0,10210.0,3003.0,9088.0,14358.0,969.0,15117.0,17581.0,338.0,8652.0,13739.0
4967897880,Radiant,Win,Nature's Prophet,2,13,4,14,86,410,9136,,33,335,3.75,13,76,top,No,22:17,21,5,Team Liquid,Chaos EC,The International 2019,7.22,2019-08-15,7.0,14.0,,25.0,77.0,,2092.0,7329.0,,1690.0,5556.0,,503.0,6215.0,,330.0,5942.0,
4968169805,Dire,Lose,Bristleback,0,4,6,9,152,370,9657,,18,446,0.67,26,128,top,No,26:06,29,10,Team Secret,Team Liquid,The International 2019,7.22,2019-08-15,6.0,8.0,,56.0,118.0,,3176.0,7466.0,,3984.0,9434.0,,-789.0,-937.0,,-1206.0,-5173.0,
4968242416,Radiant,Lose,Omniknight,1,4,6,9,109,348,10109,,23,319,0.83,18,97,bot,No,29:03,10,29,Team Liquid,Team Secret,The International 2019,7.22,2019-08-15,2.0,8.0,9.0,15.0,71.0,109.0,1797.0,6029.0,10105.0,1618.0,5585.0,9275.0,-158.0,-1614.0,-28805.0,-60.0,1002.0,-11067.0
4969295489,Radiant,Lose,Centaur Warrunner,2,10,5,3,159,325,12940,,61,354,2.4,47,110,top,No,39:49,18,25,Team Liquid,Mineski,The International 2019,7.22,2019-08-16,0.0,2.0,2.0,38.0,89.0,107.0,2384.0,6622.0,9440.0,2399.0,7767.0,10076.0,-1209.0,33.0,-8214.0,-2154.0,-2613.0,1202.0
4969351370,Radiant,Win,Beastmaster,5,17,0,12,141,505,14468,5.0,58,647,22.0,24,115,top,No,28:39,35,13,Team Liquid,Mineski,The International 2019,7.22,2019-08-16,12.0,12.0,,46.0,100.0,,3500.0,8642.0,,2878.0,8724.0,,3380.0,14805.0,,4100.0,14152.0,
4969568760,Radiant,Lose,Nature's Prophet,4,18,7,17,417,631,29383,,101,642,3.14,77,339,bot,No,46:34,26,32,Team Liquid,PSG.LGD,The International 2019,7.22,2019-08-16,5.0,8.0,12.0,28.0,109.0,203.0,2554.0,7771.0,13893.0,2357.0,6680.0,11701.0,151.0,1097.0,-7691.0,1458.0,2504.0,-2944.0
4969674124,Radiant,Lose,Omniknight,3,9,6,6,138,385,15682,,27,454,2.0,20,117,top,No,40:44,23,32,Team Liquid,PSG.LGD,The International 2019,7.22,2019-08-16,1.0,5.0,6.0,22.0,86.0,108.0,1901.0,6042.0,10110.0,2070.0,6615.0,10718.0,-137.0,-1882.0,-11697.0,1574.0,3687.0,-453.0
4971219223,Radiant,Win,Beastmaster,2,13,2,20,195,446,13283,,69,561,7.5,40,128,top,No,29:47,24,12,Team Liquid,Alliance,The International 2019,7.22,2019-08-17,12.0,19.0,20.0,36.0,116.0,195.0,2595.0,7669.0,12745.0,1899.0,7860.0,14878.0,-855.0,-3501.0,13802.0,-244.0,2483.0,12506.0
4971301802,Dire,Lose,Beastmaster,6,10,6,17,168,390,17407,4.0,74,436,2.67,27,150,bot,No,44:38,35,21,Alliance,Team Liquid,The International 2019,7.22,2019-08-17,15.0,16.0,17.0,32.0,67.0,98.0,3219.0,7792.0,11270.0,1848.0,7332.0,10745.0,-1988.0,6925.0,-13231.0,-1564.0,2934.0,-4755.0
4971602368,Dire,Win,Sand King,4,32,10,6,263,431,26025,,221,519,3.6,29,231,bot,No,00:23,35,49,KEEN GAMING,Team Liquid,The International 2019,7.22,2019-08-17,1.0,5.0,5.0,35.0,83.0,103.0,2525.0,6619.0,10123.0,2470.0,6562.0,11180.0,-589.0,2636.0,15333.0,-942.0,1726.0,9775.0
4971762994,Radiant,Win,Enigma,6,28,5,38,238,551,26291,,154,719,6.8,79,162,top,No,47:43,46,28,Team Liquid,KEEN GAMING,The International 2019,7.22,2019-08-17,19.0,25.0,30.0,43.0,102.0,145.0,2999.0,8246.0,11899.0,2735.0,6169.0,10434.0,-835.0,-1806.0,5411.0,-321.0,-302.0,5467.0
4973040677,Radiant,Lose,Enchantress,10,16,3,20,253,375,26218,9.0,173,549,8.67,66,193,bot,No,09:55,39,45,Team Liquid,TNC Predator,The International 2019,7.22,2019-08-18,11.0,16.0,17.0,37.0,79.0,117.0,2637.0,6585.0,11221.0,3009.0,7362.0,13916.0,571.0,4106.0,-6375.0,1086.0,2126.0,-3000.0
4973159453,Dire,Lose,Enigma,2,11,8,29,175,414,14821,,7,389,1.62,48,140,bot,No,35:48,47,17,TNC Predator,Team Liquid,The International 2019,7.22,2019-08-18,20.0,24.0,28.0,34.0,89.0,157.0,2998.0,6478.0,12202.0,3460.0,6807.0,12174.0,-765.0,-5056.0,-19864.0,-2970.0,-8514.0,-14765.0
4977344912,Radiant,Win,Tidehunter,2,21,2,1,279,481,19568,,90,736,11.5,93,136,bot,No,40:41,25,16,Team Liquid,Fnatic,The International 2019,7.22,2019-08-20,0.0,0.0,1.0,57.0,154.0,218.0,3211.0,8526.0,12749.0,3059.0,8896.0,16132.0,-2389.0,-1275.0,-16.0,-1230.0,-1813.0,-2808.0
4978988612,Dire,Win,Tidehunter,1,15,4,6,252,425,14025,,34,685,4.0,42,144,top,No,33:00,14,21,TNC Predator,Team Liquid,The International 2019,7.22,2019-08-21,5.0,5.0,5.0,47.0,128.0,200.0,2499.0,6654.0,11372.0,2768.0,7239.0,16003.0,-1059.0,-2435.0,14624.0,-2655.0,-4206.0,3426.0
4979109318,Radiant,Win,Underlord,0,12,5,7,274,421,19295,,45,543,2.4,135,137,top,No,45:50,22,19,Team Liquid,TNC Predator,The International 2019,7.22,2019-08-21,3.0,6.0,6.0,36.0,134.0,183.0,2367.0,7327.0,10644.0,2827.0,8515.0,11308.0,-1382.0,-2659.0,-3339.0,-2598.0,-5620.0,-1316.0
4981755910,Dire,Win,Night Stalker,4,15,1,12,87,335,11859,3.0,47,384,19.0,12,85,top,No,35:24,15,25,Royal Never Give Up,Team Liquid,The International 2019,7.22,2019-08-23,5.0,10.0,12.0,35.0,66.0,84.0,2694.0,5561.0,9023.0,2214.0,5909.0,9820.0,-464.0,-827.0,-1805.0,226.0,-727.0,762.0
4981810133,Radiant,Win,Sand King,5,24,10,8,289,385,30062,,85,579,2.9,102,185,bot,No,18:05,52,35,Team Liquid,Royal Never Give Up,The International 2019,7.22,2019-08-23,4.0,6.0,6.0,38.0,92.0,134.0,2477.0,7201.0,10399.0,3267.0,9387.0,13654.0,-808.0,1789.0,3606.0,-472.0,1604.0,5250.0
4982103916,Radiant,Win,Tidehunter,1,18,5,5,201,371,16200,,65,650,3.8,68,126,top,No,43:40,23,21,Team Liquid,Evil Geniuses,The International 2019,7.22,2019-08-23,0.0,2.0,4.0,41.0,90.0,151.0,2608.0,6219.0,9939.0,2799.0,7015.0,11586.0,-1749.0,-4083.0,-15676.0,-1611.0,-3502.0,-4642.0
4982200558,Radiant,Win,Dark Seer,5,25,1,2,164,426,13085,3.0,33,509,30.0,59,99,top,No,30:43,33,10,Team Liquid,Evil Geniuses,The International 2019,7.22,2019-08-23,1.0,2.0,2.0,62.0,120.0,161.0,3586.0,7534.0,12177.0,4233.0,8310.0,13005.0,628.0,9832.0,19828.0,2223.0,8569.0,25357.0
4983935086,Radiant,Win,Tidehunter,2,14,1,14,105,382,10581,,47,408,16.0,15,103,top,No,27:42,26,8,Team Liquid,Team Secret,The International 2019,7.22,2019-08-24,12.0,14.0,,38.0,82.0,,2872.0,7154.0,,2823.0,6994.0,,2102.0,6130.0,,1591.0,9283.0,
4984038549,Dire,Win,Dark Seer,9,11,3,1,245,498,19903,4.0,48,570,6.67,60,153,bot,No,39:58,10,25,Team Secret,Team Liquid,The International 2019,7.22,2019-08-24,0.0,1.0,1.0,34.0,147.0,187.0,2355.0,8181.0,12679.0,3015.0,8630.0,13794.0,-444.0,910.0,7275.0,-1433.0,3280.0,11668.0
4985705053,Radiant,Lose,Tiny,3,5,10,31,240,361,18910,,33,420,0.8,42,219,bot,No,52:23,18,38,Team Liquid,PSG.LGD,The International 2019,7.22,2019-08-25,17.0,31.0,31.0,40.0,79.0,118.0,2676.0,6495.0,9713.0,2492.0,5603.0,9595.0,582.0,-1031.0,-11820.0,-318.0,-315.0,-4705.0
4985787596,Radiant,Win,Dark Seer,3,24,1,6,291,426,25169,,102,490,27.0,40,246,top,No,59:05,31,29,Team Liquid,PSG.LGD,The International 2019,7.22,2019-08-25,4.0,5.0,5.0,43.0,85.0,122.0,2856.0,5956.0,9664.0,2872.0,6309.0,10267.0,-140.0,-5181.0,-9036.0,-101.0,-4977.0,-7890.0
4985891168,Dire,Win,Tidehunter,3,18,3,1,162,424,15504,3.0,39,606,7.0,70,82,bot,No,36:34,8,30,PSG.LGD,Team Liquid,The International 2019,7.22,2019-08-25,0.0,0.0,0.0,22.0,77.0,136.0,2045.0,6427.0,11733.0,2280.0,6416.0,15769.0,-306.0,4689.0,11476.0,1377.0,9304.0,17342.0
4986133311,Radiant,Win,Tidehunter,5,21,4,8,145,370,17969,3.0,109,550,6.5,21,126,top,No,48:34,33,24,Team Liquid,OG,The International 2019,7.22,2019-08-25,6.0,7.0,8.0,44.0,75.0,120.0,3177.0,7151.0,10793.0,2496.0,7039.0,11394.0,-265.0,3818.0,5730.0,1467.0,5325.0,10460.0
4986260666,Radiant,Lose,Tidehunter,1,6,12,7,118,280,9076,,46,301,0.58,12,107,top,No,32:25,11,40,Team Liquid,OG,The International 2019,7.22,2019-08-25,3.0,5.0,6.0,30.0,62.0,103.0,2323.0,5022.0,8083.0,2338.0,5973.0,8684.0,289.0,-1877.0,-26568.0,-1237.0,-2612.0,-17728.0
4986362254,Radiant,Lose,Tidehunter,2,7,12,4,57,237,5541,,12,294,0.75,22,32,top,No,23:23,11,36,Team Liquid,OG,The International 2019,7.22,2019-08-25,4.0,4.0,,24.0,46.0,,2069.0,4492.0,,1513.0,4362.0,,-3498.0,-10695.0,,-2973.0,-15342.0,
4986461644,Dire,Lose,Omniknight,0,3,3,2,117,401,9851,,30,382,1.0,6,108,top,No,24:34,20,11,OG,Team Liquid,The International 2019,7.22,2019-08-25,1.0,2.0,,58.0,100.0,,3537.0,7746.0,,4168.0,8208.0,,487.0,-4483.0,,1142.0,622.0,
5139381599,Radiant,Win,Earthshaker,13,18,4,20,332,602,32648,8.0,97,719,7.75,93,237,top,No,54:14,54,29,Nigma,Ad Finem,DreamLeague Season 13,7.23,2019-12-03,9.0,17.0,18.0,36.0,103.0,160.0,2972.0,7647.0,12512.0,2976.0,8363.0,15845.0,2309.0,1570.0,7712.0,2589.0,1236.0,2489.0
5139617536,Dire,Lose,Abaddon,1,1,5,22,127,365,10962,,36,491,0.4,16,119,bot,No,30:02,29,14,Team Secret,Nigma,DreamLeague Season 13,7.23,2019-12-03,14.0,21.0,22.0,36.0,86.0,124.0,3011.0,7372.0,10766.0,3785.0,9160.0,13625.0,-200.0,-8113.0,-27163.0,402.0,-2148.0,-11479.0
5139708786,Radiant,Win,Batrider,5,21,5,3,73,344,12137,3.0,33,576,5.2,9,64,bot,No,35:17,42,16,Nigma,Team Secret,DreamLeague Season 13,7.23,2019-12-03,1.0,3.0,3.0,17.0,50.0,64.0,2403.0,6519.0,9959.0,2967.0,9107.0,12845.0,3426.0,10466.0,19971.0,3609.0,8326.0,17831.0
5139798722,Radiant,Lose,Venomancer,0,11,4,21,159,401,14182,,24,410,2.75,24,150,top,No,35:22,18,28,Nigma,Team Secret,DreamLeague Season 13,7.23,2019-12-03,11.0,20.0,21.0,41.0,99.0,137.0,2787.0,7264.0,11654.0,2293.0,7027.0,11491.0,1125.0,-3966.0,-13932.0,103.0,-1271.0,-3538.0
5139889143,Dire,Lose,Omniknight,0,3,6,6,97,331,10492,,18,355,0.5,22,78,bot,No,31:42,30,16,Alliance,Nigma,DreamLeague Season 13,7.23,2019-12-03,3.0,5.0,6.0,19.0,73.0,91.0,1739.0,6284.0,9538.0,2045.0,6884.0,9947.0,-237.0,-5041.0,-24976.0,-886.0,-1473.0,-10891.0
5139956476,Dire,Lose,Sand King,3,14,10,11,134,356,11225,,38,459,1.7,22,120,bot,No,31:32,42,22,Alliance,Nigma,DreamLeague Season 13,7.23,2019-12-03,6.0,9.0,11.0,28.0,90.0,129.0,2530.0,6594.0,10629.0,1855.0,7267.0,13643.0,675.0,-3513.0,-10706.0,1093.0,-3571.0,-4833.0
5142133612,Dire,Win,Dark Seer,4,16,3,12,148,437,13488,3.0,9,615,6.67,26,128,bot,No,30:52,13,22,Team Singularity,Nigma,WePlay! Bukovel Minor 2020,7.23,2019-12-05,6.0,12.0,12.0,45.0,100.0,136.0,2811.0,7166.0,12073.0,2208.0,7131.0,14296.0,-635.0,-2927.0,11416.0,-2666.0,-5955.0,-4798.0
5142217211,Radiant,Win,Legion Commander,2,15,2,14,133,349,11208,,59,663,8.5,11,106,top,No,32:07,23,22,Nigma,Team Singularity,WePlay! Bukovel Minor 2020,7.23,2019-12-05,10.0,14.0,14.0,43.0,104.0,133.0,3293.0,7274.0,10391.0,3002.0,8769.0,15317.0,2332.0,155.0,1014.0,2052.0,-712.0,-886.0
5142431867,Dire,Win,Legion Commander,8,10,3,32,86,458,10373,6.0,22,735,6.0,10,106,bot,No,22:39,11,29,ViKin.gg,Nigma,WePlay! Bukovel Minor 2020,7.23,2019-12-05,18.0,30.0,,41.0,84.0,,3275.0,7835.0,,3203.0,10526.0,,2554.0,8701.0,,3141.0,5729.0,
5142515656,Dire,Lose,Legion Commander,4,7,7,6,64,312,8122,3.0,23,379,1.57,20,48,bot,No,26:02,33,17,ViKin.gg,Nigma,WePlay! Bukovel Minor 2020,7.23,2019-12-05,4.0,6.0,,23.0,58.0,,2255.0,6319.0,,2068.0,6715.0,,243.0,2194.0,,1972.0,6556.0,
5142581127,Dire,Lose,Earthshaker,3,9,9,15,96,325,12285,3.0,45,420,1.33,24,80,bot,No,37:48,36,24,ViKin.gg,Nigma,WePlay! Bukovel Minor 2020,7.23,2019-12-05,10.0,15.0,15.0,21.0,60.0,81.0,2063.0,6680.0,9429.0,2746.0,8672.0,11722.0,288.0,-1407.0,-13741.0,1512.0,-2080.0,-6641.0
5143569196,Radiant,Win,Centaur Warrunner,4,23,4,13,221,429,20999,,123,621,6.75,83,133,top,No,48:57,33,34,Nigma,Team Singularity,WePlay! Bukovel Minor 2020,7.23,2019-12-06,13.0,13.0,13.0,45.0,88.0,125.0,3196.0,6575.0,9501.0,3224.0,8303.0,12093.0,-191.0,1297.0,-10.0,486.0,2587.0,2303.0
5143692186,Dire,Win,Sand King,5,20,9,8,110,380,12926,,93,617,2.78,19,86,bot,No,34:01,26,33,Team Singularity,Nigma,WePlay! Bukovel Minor 2020,7.23,2019-12-06,8.0,8.0,8.0,38.0,81.0,95.0,2721.0,7036.0,10291.0,3082.0,8450.0,14253.0,426.0,3443.0,11463.0,-1766.0,628.0,8533.0
5143832369,Dire,Win,Underlord,1,22,2,18,100,414,9370,,44,584,11.5,27,85,bot,No,22:38,16,29,ViKin.gg,Nigma,WePlay! Bukovel Minor 2020,7.23,2019-12-06,14.0,18.0,,41.0,94.0,,3004.0,6971.0,,2362.0,8924.0,,686.0,13076.0,,839.0,6123.0,
5143902940,Radiant,Win,Enigma,4,18,5,68,258,546,20247,,87,739,4.4,58,230,top,No,37:05,38,35,Nigma,ViKin.gg,WePlay! Bukovel Minor 2020,7.23,2019-12-06,40.0,55.0,62.0,77.0,159.0,227.0,4277.0,9793.0,14873.0,5034.0,10325.0,17222.0,2588.0,379.0,-6691.0,2990.0,2738.0,-1859.0
5143979798,Dire,Win,Underlord,2,14,0,13,119,417,10703,,52,513,16.0,22,106,bot,No,25:40,4,23,ViKin.gg,Nigma,WePlay! Bukovel Minor 2020,7.23,2019-12-06,4.0,11.0,,45.0,88.0,,3157.0,7145.0,,2114.0,7441.0,,1184.0,12124.0,,2142.0,9808.0,
5148235525,Radiant,Win,Beastmaster,8,24,2,21,119,461,14467,7.0,72,690,16.0,23,109,bot,No,31:23,42,15,minor atendari,kvp,WESG 2019-2020 Online Qualifiers,7.23,2019-12-09,19.0,20.0,21.0,43.0,81.0,115.0,3881.0,8491.0,12970.0,4890.0,11573.0,16916.0,2037.0,7562.0,14039.0,3106.0,7930.0,13417.0
5148299565,Dire,Lose,Legion Commander,3,10,8,10,83,330,8739,,37,522,1.62,10,78,bot,No,26:29,37,25,KVP,minor atendari,WESG 2019-2020 Online Qualifiers,7.23,2019-12-09,5.0,6.0,,33.0,53.0,,2740.0,5817.0,,2757.0,6620.0,,492.0,-785.0,,-611.0,-1199.0,
5148353651,Radiant,Win,Abaddon,10,18,6,4,88,416,13998,5.0,110,799,4.67,19,65,bot,No,33:39,39,26,minor atendari,KVP,WESG 2019-2020 Online Qualifiers,7.23,2019-12-09,1.0,3.0,4.0,24.0,66.0,82.0,1874.0,5574.0,11074.0,2922.0,6987.0,19397.0,-329.0,-496.0,18643.0,-671.0,-1224.0,8032.0
5190016103,Dire,Lose,Nature's Prophet,3,11,7,22,317,466,20488,,40,421,2.0,79,239,bot,No,43:58,33,21,Fighting PandaS,Nigma,WePlay! Bukovel Minor 2020,7.23,2020-01-09,11.0,16.0,21.0,35.0,129.0,209.0,2545.0,8047.0,13778.0,2442.0,7828.0,11806.0,1317.0,996.0,-4649.0,1868.0,2824.0,4309.0
5190181380,Radiant,Win,Doom,5,15,4,7,102,475,11162,,20,454,5.0,33,67,top,No,23:30,39,11,Nigma,Fighting PandaS,WePlay! Bukovel Minor 2020,7.23,2020-01-09,3.0,7.0,,27.0,87.0,,2696.0,8114.0,,2282.0,8097.0,,1534.0,17867.0,,924.0,15056.0,
5190244739,Dire,Lose,Underlord,1,10,4,12,149,340,11730,,36,401,2.75,6,148,bot,No,34:30,31,17,Fighting PandaS,Nigma,WePlay! Bukovel Minor 2020,7.23,2020-01-09,8.0,11.0,12.0,45.0,100.0,144.0,2958.0,7359.0,10845.0,2349.0,7758.0,12306.0,547.0,-1919.0,-17322.0,1149.0,891.0,-4501.0
5190478214,Radiant,Win,Underlord,4,25,4,9,246,387,18485,,49,558,7.25,84,161,top,No,47:46,41,24,Nigma,Furia,WePlay! Bukovel Minor 2020,7.23,2020-01-09,6.0,9.0,9.0,35.0,106.0,154.0,2738.0,6862.0,10814.0,2292.0,7873.0,13874.0,21.0,-468.0,9098.0,1343.0,2831.0,5316.0
5190550458,Dire,Win,Omniknight,1,13,2,10,79,369,8456,,30,382,7.0,3,81,bot,No,22:55,9,23,Furia,Nigma,WePlay! Bukovel Minor 2020,7.23,2020-01-09,8.0,10.0,,45.0,76.0,,2819.0,6199.0,,2606.0,5959.0,,402.0,1572.0,,592.0,3419.0,
5191809915,Dire,Win,Legion Commander,2,12,8,2,112,321,10758,,17,454,1.75,4,106,bot,No,33:31,26,27,Fighting PandaS,Nigma,WePlay! Bukovel Minor 2020,7.23,2020-01-10,1.0,2.0,2.0,59.0,90.0,110.0,3341.0,5923.0,8253.0,3681.0,7441.0,10534.0,-279.0,-1146.0,-8421.0,1068.0,-1560.0,-5508.0
5191871724,Dire,Lose,Underlord,3,12,10,11,242,378,21464,,56,464,1.5,66,177,bot,No,56:47,35,31,Fighting PandaS,Nigma,WePlay! Bukovel Minor 2020,7.23,2020-01-10,8.0,9.0,10.0,21.0,69.0,121.0,2234.0,6368.0,9852.0,1888.0,6929.0,10578.0,-2931.0,-337.0,-10303.0,-2200.0,612.0,-3405.0
5191935627,Radiant,Win,Nature's Prophet,10,28,5,32,605,782,42592,4.0,77,625,7.6,167,445,top,No,54:28,47,26,Nigma,Fighting PandaS,WePlay! Bukovel Minor 2020,7.23,2020-01-10,18.0,25.0,29.0,47.0,116.0,243.0,3696.0,8199.0,15658.0,2735.0,7729.0,13577.0,911.0,42.0,-4115.0,2668.0,5056.0,6300.0
5192871847,Radiant,Lose,Enigma,0,8,6,73,198,344,14035,,11,346,1.33,41,215,top,No,40:48,9,39,Nigma,Royal Never Give Up,WePlay! Bukovel Minor 2020,7.23,2020-01-11,41.0,52.0,63.0,42.0,113.0,167.0,3082.0,7338.0,10710.0,2376.0,6810.0,10641.0,-1172.0,-7656.0,-19490.0,-90.0,-5674.0,-13771.0
5192979076,Dire,Win,Dark Seer,3,8,5,1,83,368,8261,3.0,14,374,2.2,10,73,bot,No,22:27,9,20,Royal Never Give Up,Nigma,WePlay! Bukovel Minor 2020,7.23,2020-01-11,1.0,1.0,,25.0,81.0,,2000.0,6781.0,,1949.0,7333.0,,-1775.0,8698.0,,-2422.0,4876.0,
5193049498,Radiant,Lose,Doom,5,25,5,8,205,483,24979,5.0,59,546,6.0,70,135,top,No,51:43,37,32,Nigma,Royal Never Give Up,WePlay! Bukovel Minor 2020,7.23,2020-01-11,5.0,8.0,8.0,38.0,78.0,121.0,2438.0,6441.0,11698.0,2262.0,6589.0,11978.0,9.0,6227.0,12988.0,403.0,3347.0,11845.0
5193401469,Dire,Lose,Nature's Prophet,3,7,5,51,341,558,21036,,40,573,2.0,74,300,bot,No,37:42,29,16,Gambit Esports,Nigma,WePlay! Bukovel Minor 2020,7.23,2020-01-11,29.0,39.0,47.0,55.0,142.0,248.0,3500.0,8410.0,14690.0,3373.0,7034.0,14674.0,2127.0,-4787.0,-18115.0,3651.0,807.0,-5203.0
5193447132,Dire,Win,Omniknight,2,14,3,13,128,412,16720,,42,509,5.33,6,125,bot,No,40:35,16,25,Gambit Esports,Nigma,WePlay! Bukovel Minor 2020,7.23,2020-01-12,9.0,12.0,12.0,44.0,110.0,123.0,2928.0,8457.0,12456.0,2288.0,8248.0,12090.0,1016.0,3442.0,6385.0,844.0,3683.0,8109.0
5193489143,Dire,Win,Abaddon,9,25,5,15,177,463,19623,3.0,43,664,6.8,15,159,top,No,42:23,28,52,Gambit Esports,Nigma,WePlay! Bukovel Minor 2020,7.23,2020-01-12,8.0,15.0,15.0,57.0,108.0,133.0,3416.0,7579.0,11177.0,3897.0,8912.0,14274.0,594.0,-263.0,-307.0,1517.0,3069.0,1216.0
5194350441,Radiant,Win,Necrophos,5,11,5,19,233,410,19686,3.0,49,512,3.2,22,219,top,No,48:01,26,16,Nigma,Geek Fam,WePlay! Bukovel Minor 2020,7.23,2020-01-12,6.0,10.0,17.0,28.0,96.0,171.0,2127.0,6380.0,11109.0,1887.0,6518.0,11383.0,686.0,-3081.0,-10734.0,-61.0,-5865.0,-7351.0
5194469346,Dire,Win,Abaddon,1,19,5,17,198,413,19844,,94,588,4.0,53,143,bot,No,48:03,30,43,Geek Fam,Nigma,WePlay! Bukovel Minor 2020,7.23,2020-01-12,2.0,10.0,16.0,30.0,89.0,145.0,2036.0,6293.0,11370.0,2309.0,8273.0,13550.0,516.0,-489.0,5310.0,475.0,188.0,6430.0
5194676025,Radiant,Lose,Omniknight,0,3,5,19,139,355,13720,,38,365,0.6,23,125,top,No,38:39,12,28,Nigma,Royal Never Give Up,WePlay! Bukovel Minor 2020,7.23,2020-01-12,9.0,17.0,19.0,40.0,92.0,126.0,2512.0,6817.0,10702.0,2141.0,6450.0,10428.0,-1523.0,-2784.0,-16358.0,586.0,6599.0,3840.0
5194743733,Dire,Win,Abaddon,2,20,6,16,391,454,36758,,197,557,3.67,95,289,bot,No,20:58,36,38,Royal Never Give Up,Nigma,WePlay! Bukovel Minor 2020,7.23,2020-01-12,3.0,8.0,9.0,31.0,71.0,120.0,2122.0,5546.0,9452.0,2446.0,7078.0,12786.0,-340.0,264.0,-2614.0,-341.0,1905.0,-667.0
5194823534,Dire,Win,Doom,3,12,4,8,108,439,10236,,61,535,3.75,44,68,top,No,23:19,11,25,Royal Never Give Up,Nigma,WePlay! Bukovel Minor 2020,7.23,2020-01-12,7.0,8.0,,30.0,97.0,,2639.0,7246.0,,2714.0,7812.0,,1274.0,2646.0,,2494.0,5235.0,
5194853912,Dire,Win,Dark Seer,4,17,4,1,372,441,28591,4.0,106,542,5.25,79,279,bot,No,04:50,20,25,Royal Never Give Up,Nigma,WePlay! Bukovel Minor 2020,7.23,2020-01-12,0.0,0.0,0.0,31.0,108.0,172.0,2108.0,6087.0,11095.0,2280.0,6931.0,14460.0,-533.0,-2269.0,2308.0,-97.0,-2761.0,-1743.0
5201645640,Dire,Lose,Batrider,4,6,9,5,92,273,9268,,24,309,1.11,19,74,bot,No,33:57,36,14,TNC Predator,Nigma,DreamLeague Season 13,7.23,2020-01-18,5.0,5.0,5.0,37.0,55.0,88.0,3405.0,5786.0,8524.0,3614.0,5057.0,9173.0,-1004.0,-9814.0,-15806.0,-143.0,-8098.0,-13998.0
5201740739,Dire,Win,Abaddon,5,22,3,15,196,428,18703,,98,566,9.0,23,171,top,No,43:42,14,39,TNC Predator,Nigma,DreamLeague Season 13,7.23,2020-01-18,5.0,12.0,15.0,27.0,76.0,133.0,2957.0,6435.0,10637.0,2710.0,7325.0,12180.0,-635.0,-3773.0,7031.0,634.0,-2021.0,2130.0
5201852449,Dire,Win,Omniknight,0,12,1,9,63,298,6923,,15,403,12.0,8,58,bot,No,23:14,1,25,TNC Predator,Nigma,DreamLeague Season 13,7.23,2020-01-18,7.0,9.0,,13.0,54.0,,1501.0,4822.0,,1888.0,5449.0,,1840.0,8160.0,,445.0,3858.0,
5203084179,Dire,Win,Dark Seer,0,27,11,4,340,399,27358,,153,480,2.45,59,278,bot,No,08:34,46,36,Fnatic,Nigma,DreamLeague Season 13,7.23,2020-01-19,1.0,1.0,1.0,22.0,111.0,161.0,1889.0,6367.0,9550.0,1943.0,6901.0,10888.0,-1220.0,-4051.0,-4762.0,-1853.0,-3787.0,-11106.0
5203231638,Dire,Win,Omniknight,2,21,3,6,208,435,23939,,94,557,7.67,38,172,bot,No,55:02,26,42,Fnatic,Nigma,DreamLeague Season 13,7.23,2020-01-19,1.0,6.0,6.0,24.0,94.0,115.0,2106.0,7179.0,10715.0,2220.0,8297.0,12511.0,199.0,-4513.0,-706.0,897.0,-1485.0,356.0
5205500820,Dire,Win,Doom,4,8,2,18,116,487,12937,,44,420,6.0,9,122,bot,No,26:34,6,26,Evil Geniuses,Nigma,DreamLeague Season 13,7.23,2020-01-21,7.0,18.0,,43.0,105.0,,3071.0,9049.0,,2497.0,8069.0,,1602.0,9065.0,,3251.0,13704.0,
5205574778,Radiant,Lose,Dark Seer,4,9,3,4,264,446,20924,4.0,74,447,4.33,39,218,top,No,46:55,19,34,Nigma,Evil Geniuses,DreamLeague Season 13,7.23,2020-01-21,2.0,3.0,3.0,33.0,83.0,141.0,1939.0,6931.0,11373.0,1728.0,6782.0,11579.0,-2019.0,-4979.0,-4148.0,-2630.0,-4335.0,-5295.0
5205666441,Radiant,Lose,Legion Commander,2,7,10,19,156,263,13724,,60,330,0.9,38,131,top,No,52:11,12,38,Nigma,Evil Geniuses,DreamLeague Season 13,7.23,2020-01-21,8.0,13.0,13.0,27.0,72.0,93.0,2394.0,5212.0,7298.0,2229.0,5675.0,8339.0,-644.0,-3949.0,-11649.0,-1248.0,-6170.0,-10146.0
5207266488,Dire,Lose,Beastmaster,6,8,7,9,343,438,14585,,24,584,2.0,36,136,mid,No,33:18,36,23,beastcoast,Nigma,DreamLeague Season 13,7.23,2020-01-22,6.0,8.0,8.0,103.0,167.0,281.0,4222.0,7498.0,12492.0,5071.0,9216.0,15478.0,1149.0,-4403.0,-16639.0,1649.0,-717.0,-7588.0
5207334512,Dire,Win,Doom,7,25,7,2,113,456,16324,,58,522,4.57,29,74,bot,No,35:48,17,46,beastcoast,Nigma,DreamLeague Season 13,7.23,2020-01-22,1.0,2.0,2.0,25.0,69.0,99.0,2481.0,6800.0,11817.0,1831.0,5867.0,13421.0,-1748.0,-3748.0,6142.0,-1382.0,-2009.0,6170.0
5207398720,Dire,Lose,Night Stalker,6,16,10,17,98,308,13048,3.0,128,412,2.2,10,101,bot,No,42:22,41,37,beastcoast,Nigma,DreamLeague Season 13,7.23,2020-01-22,8.0,17.0,17.0,32.0,75.0,83.0,2395.0,6950.0,8905.0,3114.0,8599.0,11041.0,1493.0,2628.0,-7931.0,861.0,4723.0,-1352.0
5234606551,Radiant,Lose,Slardar,4,8,7,7,107,310,9424,,50,309,1.71,37,70,top,No,30:24,14,26,Nigma,ViKin.gg,DPC 2019/2020 Qualifier #3,7.24,2020-02-09,2.0,6.0,7.0,30.0,70.0,107.0,2393.0,5859.0,9265.0,2224.0,5449.0,9114.0,394.0,-862.0,-10212.0,-300.0,-640.0,-14957.0
5234713499,Radiant,Win,Slardar,5,13,2,10,101,407,10303,5.0,17,518,9.0,14,94,top,No,25:19,28,21,Nigma,ViKin.gg,DPC 2019/2020 Qualifier #3,7.24,2020-02-09,7.0,10.0,,36.0,95.0,,2697.0,7333.0,,2364.0,7965.0,,1642.0,6305.0,,2368.0,5479.0,
5235182559,Dire,Lose,Sand King,5,20,9,3,199,384,17113,3.0,94,490,2.78,51,143,bot,No,44:34,27,37,Aggressive Mode,Nigma,DPC 2019/2020 Qualifier #3,7.24,2020-02-09,3.0,3.0,3.0,26.0,112.0,177.0,1981.0,6898.0,12584.0,1914.0,7537.0,13897.0,-1051.0,5203.0,3548.0,-597.0,309.0,3494.0
5235258785,Dire,Lose,Underlord,3,14,8,12,163,340,13532,,42,435,2.12,53,117,bot,No,39:48,40,25,Aggressive Mode,Nigma,DPC 2019/2020 Qualifier #3,7.24,2020-02-09,9.0,10.0,12.0,36.0,96.0,130.0,2362.0,6519.0,9935.0,2254.0,7193.0,11751.0,805.0,-2371.0,-8421.0,-110.0,-1488.0,-5378.0
5236222378,Dire,Lose,Puck,4,5,9,14,158,374,12610,,31,392,1.0,11,156,bot,No,33:43,35,13,Team Secret,Nigma,DPC 2019/2020 Qualifier #3,7.24,2020-02-10,10.0,14.0,14.0,27.0,75.0,141.0,2311.0,6876.0,11140.0,2363.0,7229.0,11980.0,-871.0,-5207.0,-12322.0,-366.0,-2211.0,-6003.0
5236332106,Dire,Lose,Underlord,4,10,4,6,162,369,10049,4.0,88,490,3.5,23,114,mid,No,27:14,40,20,Team Secret,Nigma,DPC 2019/2020 Qualifier #3,7.24,2020-02-10,4.0,4.0,,62.0,146.0,,3305.0,8474.0,,4137.0,10717.0,,-3941.0,-11336.0,,-4052.0,-13929.0,
5236599342,Dire,Win,Pugna,3,9,2,11,77,428,9537,3.0,14,399,6.0,1,83,bot,No,22:17,14,21,OG.Seed,Nigma,DPC 2019/2020 Qualifier #3,7.24,2020-02-10,11.0,11.0,,36.0,76.0,,2625.0,7886.0,,2504.0,5627.0,,-62.0,-4843.0,,971.0,4224.0,
5236658594,Dire,Win,Puck,2,19,1,17,256,511,20857,,74,684,21.0,26,243,bot,No,40:49,21,33,OG.Seed,Nigma,DPC 2019/2020 Qualifier #3,7.24,2020-02-10,8.0,14.0,16.0,26.0,81.0,161.0,2235.0,6372.0,12070.0,2174.0,7811.0,13882.0,-1602.0,4675.0,6142.0,-1881.0,2752.0,11769.0
5237650934,Dire,Win,Puck,6,20,4,25,250,514,19780,4.0,41,729,6.5,27,239,bot,No,38:29,24,41,OG.Seed,Nigma,DPC 2019/2020 Qualifier #3,7.24,2020-02-11,16.0,22.0,23.0,37.0,88.0,167.0,2841.0,6457.0,11667.0,2444.0,6476.0,14174.0,1964.0,5472.0,12791.0,1963.0,1099.0,6092.0
5240518168,Dire,Lose,Axe,6,11,13,5,228,389,22315,,103,453,1.31,91,136,bot,No,57:22,49,22,Team Liquid,Nigma,DPC 2019/2020 Qualifier #3,7.24,2020-02-13,1.0,4.0,5.0,31.0,97.0,113.0,2179.0,6001.0,9992.0,1943.0,6519.0,11937.0,-920.0,-7317.0,-11411.0,-1834.0,-3032.0,-6803.0
5240617856,Dire,Lose,Dark Seer,1,6,7,6,140,307,10468,,29,328,1.0,21,116,bot,No,34:06,42,11,Team Liquid,Nigma,DPC 2019/2020 Qualifier #3,7.24,2020-02-13,0.0,5.0,6.0,30.0,80.0,113.0,2528.0,6157.0,8818.0,1657.0,5295.0,9599.0,-1436.0,-12608.0,-31381.0,-1074.0,-6295.0,-21620.0
5240942970,Radiant,Win,Timbersaw,7,12,1,7,135,458,12923,6.0,7,571,19.0,32,97,bot,No,28:13,33,13,Nigma,Aggressive Mode,DPC 2019/2020 Qualifier #3,7.24,2020-02-13,3.0,6.0,,43.0,113.0,,2928.0,7152.0,,3263.0,7575.0,,-791.0,-243.0,,-698.0,1892.0,
5241037564,Dire,Win,Slardar,2,15,0,28,88,377,7068,,6,439,17.0,22,88,bot,No,18:45,8,30,Aggressive Mode,Nigma,DPC 2019/2020 Qualifier #3,7.24,2020-02-13,26.0,,,49.0,,,3051.0,,,2887.0,,,1523.0,,,1351.0,,
5242110176,Dire,Win,Slardar,1,17,0,12,124,407,11111,,23,527,18.0,26,102,top,No,27:18,9,27,Team Liquid,Nigma,DPC 2019/2020 Qualifier #3,7.24,2020-02-14,10.0,12.0,,40.0,82.0,,2761.0,6804.0,,3156.0,8107.0,,2801.0,6274.0,,2811.0,8228.0,
5242176213,Dire,Win,Pugna,2,11,5,4,104,374,10453,,18,416,2.6,6,96,bot,No,27:57,13,25,Team Liquid,Nigma,DPC 2019/2020 Qualifier #3,7.24,2020-02-14,2.0,2.0,,23.0,70.0,,2240.0,5679.0,,2139.0,5878.0,,-1140.0,-1278.0,,-330.0,-2029.0,
5242298041,Dire,Lose,Omniknight,0,7,9,4,91,261,8304,,23,305,0.78,11,82,bot,No,31:49,43,18,Alliance,Nigma,DPC 2019/2020 Qualifier #3,7.24,2020-02-14,2.0,2.0,4.0,28.0,66.0,91.0,1968.0,5288.0,7779.0,2159.0,5831.0,9451.0,-1383.0,-1969.0,-22672.0,-2277.0,-2040.0,-10999.0
5242402725,Dire,Win,Beastmaster,3,13,1,12,135,428,10207,,15,550,16.0,53,84,mid,No,23:51,14,23,Alliance,Nigma,DPC 2019/2020 Qualifier #3,7.24,2020-02-14,9.0,12.0,,40.0,113.0,,2762.0,7711.0,,3390.0,9262.0,,-1627.0,8838.0,,-690.0,8349.0,
5242493183,Dire,Win,Pugna,9,19,1,12,184,465,18096,9.0,30,617,28.0,23,165,bot,No,38:55,15,44,Alliance,Nigma,DPC 2019/2020 Qualifier #3,7.24,2020-02-14,7.0,9.0,12.0,32.0,80.0,147.0,2272.0,7027.0,12998.0,3009.0,7929.0,15683.0,-130.0,6702.0,17194.0,-306.0,8015.0,16504.0
5242612774,Dire,Lose,Slardar,2,9,11,9,173,341,15038,,44,400,1.0,52,121,bot,No,44:06,31,16,Alliance,Nigma,DPC 2019/2020 Qualifier #3,7.24,2020-02-14,3.0,7.0,9.0,41.0,85.0,125.0,2543.0,6408.0,10751.0,3150.0,7193.0,12435.0,-515.0,1354.0,4980.0,-337.0,2291.0,3903.0
5242723914,Dire,Lose,Slardar,2,17,8,7,155,367,16404,,110,386,2.38,47,108,bot,No,44:42,30,28,Alliance,Nigma,DPC 2019/2020 Qualifier #3,7.24,2020-02-14,6.0,7.0,7.0,39.0,78.0,109.0,2694.0,6327.0,9645.0,2111.0,6141.0,9590.0,-1349.0,-2631.0,-4400.0,-541.0,1969.0,1747.0
5250351676,Radiant,Win,Dark Seer,4,23,4,0,146,432,15602,,63,533,6.75,22,114,top,No,36:07,33,22,Nigma,Ninjas in Pyjamas,Tug of War: Mad Moon,7.24,2020-02-19,0.0,0.0,0.0,47.0,92.0,140.0,2776.0,6940.0,11294.0,2166.0,5880.0,11341.0,-3163.0,-3709.0,1142.0,-1898.0,-851.0,3104.0
5250464002,Radiant,Win,Snapfire,4,13,1,10,66,420,7091,4.0,10,372,17.0,6,66,top,No,16:53,19,5,Nigma,Ninjas in Pyjamas,Tug of War: Mad Moon,7.24,2020-02-19,10.0,,,42.0,,,2924.0,,,2154.0,,,1515.0,,,1516.0,,
5250819171,Dire,Lose,Necrophos,3,1,7,5,115,331,9764,,23,351,0.57,5,113,top,No,29:30,42,11,Virtus.pro,Nigma,Tug of War: Mad Moon,7.24,2020-02-19,1.0,4.0,5.0,33.0,75.0,115.0,2306.0,5834.0,9724.0,2363.0,5627.0,10368.0,-1715.0,-15055.0,-31474.0,-1777.0,-10820.0,-24186.0
5250896011,Dire,Win,Snapfire,5,18,1,11,78,372,10186,3.0,46,427,23.0,13,67,bot,No,27:23,13,36,Virtus.pro,Nigma,Tug of War: Mad Moon,7.24,2020-02-19,9.0,11.0,,40.0,70.0,,2887.0,6048.0,,2794.0,6529.0,,-854.0,6016.0,,-155.0,2720.0,
5250956482,Radiant,Lose,Beastmaster,3,3,7,8,122,310,8928,,25,337,0.86,35,90,top,No,28:48,13,31,Nigma,Virtus.pro,Tug of War: Mad Moon,7.24,2020-02-19,8.0,8.0,,49.0,83.0,,3099.0,5770.0,,2407.0,5717.0,,-719.0,-2786.0,,-1045.0,-2725.0,
5252061750,Dire,Win,Batrider,3,6,1,10,71,403,9181,,27,370,9.0,3,66,bot,No,22:47,3,15,Aggressive Mode,Nigma,Tug of War: Mad Moon,7.24,2020-02-20,8.0,10.0,,36.0,67.0,,2839.0,7490.0,,2760.0,6764.0,,504.0,1998.0,,2495.0,10293.0,
5253491307,Dire,Win,Enchantress,5,5,5,17,88,386,9933,3.0,42,381,2.0,4,94,bot,No,25:44,13,13,B8,Nigma,Tug of War: Mad Moon,7.24,2020-02-21,9.0,17.0,,29.0,79.0,,2484.0,6369.0,,1733.0,6159.0,,-1790.0,-516.0,,-3352.0,-1727.0,
5253596100,Dire,Win,Timbersaw,4,12,3,5,105,393,10525,,26,503,5.33,9,92,top,No,26:47,18,34,B8,Nigma,Tug of War: Mad Moon,7.24,2020-02-21,4.0,5.0,,44.0,70.0,,2961.0,6005.0,,3544.0,6981.0,,2502.0,7346.0,,2956.0,8516.0,
5254034493,Dire,Lose,Timbersaw,2,7,5,4,157,358,12166,,16,436,1.8,27,126,bot,No,33:59,29,15,Team Secret,Nigma,Tug of War: Mad Moon,7.24,2020-02-21,2.0,4.0,4.0,32.0,94.0,136.0,2370.0,6284.0,9294.0,2473.0,6824.0,11282.0,-1519.0,-10244.0,-11699.0,289.0,-5134.0,-11840.0
5254125391,Dire,Win,Dark Seer,2,10,0,5,172,509,9866,,9,567,12.0,23,116,mid,No,19:23,9,18,Team Secret,Nigma,Tug of War: Mad Moon,7.24,2020-02-21,3.0,5.0,,72.0,172.0,,3653.0,9690.0,,4768.0,10781.0,,928.0,8759.0,,581.0,12558.0,
5254184909,Dire,Lose,Omniknight,1,16,4,5,156,319,16029,,101,440,4.25,23,129,bot,No,50:15,36,37,Team Secret,Nigma,Tug of War: Mad Moon,7.24,2020-02-21,3.0,4.0,5.0,35.0,91.0,122.0,2418.0,6946.0,10894.0,3442.0,8195.0,13945.0,512.0,-1838.0,2148.0,1944.0,3924.0,10141.0
5255293204,Dire,Win,Underlord,3,11,2,8,120,447,10079,,42,524,7.0,35,87,bot,No,22:33,15,30,Aggressive Mode,Nigma,Tug of War: Mad Moon,7.24,2020-02-22,5.0,8.0,,41.0,109.0,,2890.0,7550.0,,2650.0,8279.0,,1691.0,6685.0,,2579.0,7594.0,
5255395838,Radiant,Lose,Omniknight,1,2,8,7,76,247,6615,,43,232,0.38,11,70,bot,No,26:47,5,42,Nigma,Aggressive Mode,Tug of War: Mad Moon,7.24,2020-02-22,7.0,7.0,,38.0,64.0,,2719.0,5225.0,,2753.0,4876.0,,-2904.0,-19982.0,,-3128.0,-12669.0,
5255502576,Radiant,Win,Dark Seer,2,14,0,0,174,504,13314,,37,473,16.0,57,110,top,No,26:25,29,5,Nigma,Aggressive Mode,Tug of War: Mad Moon,7.24,2020-02-22,0.0,0.0,,50.0,136.0,,3563.0,8729.0,,3132.0,8357.0,,4946.0,11192.0,,5289.0,9353.0,
5255670534,Dire,Win,Legion Commander,3,11,2,24,119,377,11090,,85,347,7.0,5,126,bot,No,29:25,7,24,Gambit Esports,Nigma,Tug of War: Mad Moon,7.24,2020-02-22,22.0,24.0,24.0,48.0,89.0,117.0,3122.0,6459.0,10957.0,2249.0,5655.0,10132.0,1578.0,-212.0,11135.0,1936.0,-46.0,7166.0
5255785060,Radiant,Win,Naga Siren,6,13,0,10,249,574,17774,6.0,44,620,19.0,55,204,bot,No,30:58,36,13,Nigma,Gambit Esports,Tug of War: Mad Moon,7.24,2020-02-22,8.0,10.0,10.0,58.0,149.0,244.0,3522.0,9284.0,16833.0,4236.0,11045.0,16327.0,-934.0,3789.0,4074.0,-1253.0,1322.0,8834.0
5257377714,Dire,Win,Dark Seer,3,18,8,0,250,434,20166,,72,450,2.62,45,197,bot,No,46:28,31,28,Virtus.pro,Nigma,Tug of War: Mad Moon,7.24,2020-02-23,0.0,0.0,0.0,19.0,78.0,142.0,1721.0,5319.0,10037.0,1590.0,5551.0,11252.0,-2384.0,-4266.0,-8257.0,-2082.0,-5463.0,-9582.0
5257535983,Dire,Win,Timbersaw,2,10,2,9,100,371,8712,,43,434,6.0,17,91,bot,No,23:29,4,20,Virtus.pro,Nigma,Tug of War: Mad Moon,7.24,2020-02-23,8.0,9.0,,55.0,90.0,,3405.0,6418.0,,2628.0,6571.0,,2150.0,9343.0,,3725.0,8373.0,
5257722179,Radiant,Lose,Timbersaw,5,8,4,7,180,398,14752,5.0,53,495,3.25,20,162,top,No,37:04,23,28,Nigma,Team Secret,Tug of War: Mad Moon,7.24,2020-02-23,5.0,7.0,7.0,56.0,102.0,156.0,3535.0,8286.0,12303.0,3164.0,8513.0,14342.0,1107.0,-3813.0,-13895.0,2008.0,3131.0,-904.0
5257827609,Dire,Lose,Dark Seer,3,6,8,1,153,349,10371,,50,309,1.12,33,113,bot,No,29:43,36,15,Team Secret,Nigma,Tug of War: Mad Moon,7.24,2020-02-23,0.0,0.0,1.0,75.0,116.0,153.0,3862.0,7400.0,10343.0,3697.0,7613.0,9210.0,-2192.0,-6331.0,-27844.0,-1912.0,-5704.0,-18907.0
5257907623,Dire,Win,Beastmaster,0,9,2,15,94,376,9738,,31,395,4.5,18,79,bot,No,25:54,8,20,Team Secret,Nigma,Tug of War: Mad Moon,7.24,2020-02-23,11.0,14.0,,32.0,79.0,,2256.0,6032.0,,1382.0,5866.0,,-1598.0,-322.0,,-424.0,1530.0,
5257974584,Dire,Win,Underlord,0,9,5,4,107,345,9234,,53,369,1.8,14,94,bot,No,26:46,14,16,Team Secret,Nigma,Tug of War: Mad Moon,7.24,2020-02-23,2.0,4.0,,26.0,87.0,,1999.0,6324.0,,1529.0,6144.0,,2082.0,355.0,,2281.0,5249.0,
5258038249,Dire,Win,Centaur Warrunner,5,9,2,13,115,434,11385,,31,432,7.0,18,103,bot,No,26:14,9,31,Team Secret,Nigma,Tug of War: Mad Moon,7.24,2020-02-23,10.0,10.0,,40.0,87.0,,3348.0,7566.0,,2935.0,6851.0,,2039.0,7820.0,,5736.0,10891.0,
5333524810,Radiant,Lose,Beastmaster,0,3,5,6,164,356,11985,,17,376,0.6,33,130,bot,No,33:40,11,38,Nigma,OG,ESL One Los Angeles 2020 Online powered by Intel,7.25,2020-04-04,4.0,5.0,6.0,28.0,84.0,131.0,1943.0,5348.0,8958.0,2643.0,5957.0,10570.0,-1033.0,-9070.0,-12926.0,363.0,-4432.0,-8437.0
5333657942,Radiant,Lose,Centaur Warrunner,0,6,10,12,99,314,7049,,22,383,0.6,19,89,bot,No,22:27,10,22,Nigma,OG,ESL One Los Angeles 2020 Online powered by Intel,7.25,2020-04-04,5.0,12.0,,33.0,89.0,,2337.0,6129.0,,2504.0,6712.0,,-1853.0,-4593.0,,-1512.0,-6881.0,
5338037487,Dire,Win,Dark Seer,10,36,3,2,141,454,14709,6.0,42,508,15.33,29,109,bot,No,32:24,18,51,Cyber Legacy,Nigma,ESL One Los Angeles 2020 Online powered by Intel,7.25,2020-04-06,2.0,2.0,2.0,38.0,92.0,130.0,3217.0,7270.0,11520.0,2746.0,6024.0,11171.0,542.0,4220.0,14780.0,1720.0,5535.0,14433.0
5338177332,Radiant,Lose,Nature's Prophet,6,9,7,21,302,566,21026,3.0,54,548,2.14,51,254,top,No,37:09,17,38,Nigma,Cyber Legacy,ESL One Los Angeles 2020 Online powered by Intel,7.25,2020-04-06,12.0,15.0,19.0,32.0,124.0,197.0,2404.0,8581.0,13775.0,2123.0,8010.0,13405.0,-1583.0,-4347.0,-17117.0,-1962.0,-2162.0,-9170.0
5338337197,Radiant,Win,Void Spirit,7,20,5,12,235,454,21822,4.0,119,598,5.4,14,213,top,No,48:04,43,32,Nigma,Cyber Legacy,ESL One Los Angeles 2020 Online powered by Intel,7.25,2020-04-06,5.0,8.0,10.0,40.0,94.0,138.0,2985.0,6716.0,10524.0,2421.0,5958.0,10914.0,-587.0,-1729.0,-519.0,-1022.0,-3080.0,-3894.0
5342351344,Dire,Lose,Necrophos,4,0,7,17,170,374,13426,3.0,67,392,0.57,18,160,mid,No,35:54,29,15,Gambit Esports,Nigma,ESL One Los Angeles 2020 Online powered by Intel,7.25,2020-04-08,12.0,16.0,16.0,55.0,114.0,159.0,3296.0,7878.0,11876.0,3563.0,8426.0,12354.0,1519.0,-2522.0,-10909.0,2136.0,1930.0,-4781.0
5342526644,Dire,Lose,Night Stalker,3,11,8,4,98,264,10432,,50,435,1.75,17,75,bot,No,39:31,51,20,Gambit Esports,Nigma,ESL One Los Angeles 2020 Online powered by Intel,7.25,2020-04-08,1.0,4.0,4.0,24.0,64.0,80.0,1857.0,6216.0,8502.0,1856.0,8215.0,12687.0,-1818.0,-1137.0,-3847.0,-3645.0,-4195.0,-9474.0
5345886189,Radiant,Win,Dragon Knight,3,9,0,8,98,447,7368,3.0,22,482,12.0,4,99,top,No,16:29,21,1,Nigma,B8,ESL One Los Angeles 2020 Online powered by Intel,7.25,2020-04-10,6.0,,,56.0,,,3720.0,,,3610.0,,,2468.0,,,2681.0,,
5345966446,Dire,Win,Dark Seer,1,15,3,7,232,433,15342,,25,575,5.33,63,170,bot,No,35:26,23,21,B8,Nigma,ESL One Los Angeles 2020 Online powered by Intel,7.25,2020-04-10,4.0,6.0,6.0,40.0,112.0,191.0,2671.0,7014.0,11418.0,2875.0,7924.0,14115.0,-1483.0,-4776.0,-2676.0,-1206.0,-2862.0,-3775.0
5350965128,Dire,Win,Dark Seer,5,26,0,1,163,443,14190,5.0,37,494,31.0,55,94,bot,No,32:02,10,44,HellRaisers,Nigma,ESL One Los Angeles 2020 Online powered by Intel,7.25,2020-04-12,0.0,1.0,1.0,45.0,109.0,160.0,2781.0,6775.0,12540.0,2471.0,7130.0,12503.0,356.0,5023.0,11435.0,2803.0,8339.0,18014.0
5351122681,Dire,Win,Dragon Knight,4,20,1,10,107,429,12219,4.0,42,533,24.0,5,103,bot,No,28:29,16,37,HellRaisers,Nigma,ESL One Los Angeles 2020 Online powered by Intel,7.25,2020-04-12,10.0,10.0,,47.0,83.0,,3396.0,6788.0,,3245.0,7566.0,,712.0,569.0,,-169.0,1662.0,
5355196423,Dire,Lose,Axe,7,8,8,3,159,337,15007,,55,395,1.88,23,121,bot,No,44:32,43,19,Virtus.pro,Nigma,ESL One Los Angeles 2020 Online powered by Intel,7.25,2020-04-14,3.0,3.0,3.0,43.0,91.0,117.0,3146.0,7785.0,10811.0,2677.0,7068.0,10870.0,-778.0,-1624.0,-11859.0,733.0,3655.0,-2796.0
5355374772,Radiant,Lose,Nature's Prophet,5,7,6,3,125,401,9884,3.0,23,314,2.0,27,93,top,No,24:39,13,34,Nigma,Virtus.pro,ESL One Los Angeles 2020 Online powered by Intel,7.25,2020-04-14,3.0,3.0,,35.0,84.0,,2376.0,7513.0,,2194.0,5825.0,,-4234.0,-9701.0,,-2758.0,-7542.0,
5359624135,Dire,Win,Dark Seer,3,14,2,1,138,454,9791,,19,449,8.5,34,100,bot,No,21:34,8,27,ViKin.gg,Nigma,ESL One Los Angeles 2020 Online powered by Intel,7.25,2020-04-16,1.0,1.0,,54.0,111.0,,3222.0,7558.0,,3333.0,7648.0,,884.0,6088.0,,-868.0,7487.0,
5359757001,Dire,Win,Spirit Breaker,0,18,10,5,54,256,7914,,68,431,1.8,2,53,bot,No,30:55,27,22,ViKin.gg,Nigma,ESL One Los Angeles 2020 Online powered by Intel,7.25,2020-04-16,3.0,4.0,5.0,20.0,32.0,50.0,1745.0,4160.0,6750.0,1520.0,5424.0,10703.0,289.0,1272.0,3768.0,-879.0,964.0,5540.0
5360987052,Radiant,Win,Snapfire,10,28,5,4,115,404,15251,4.0,16,553,7.6,16,97,bot,No,37:45,51,23,Nigma,Chicken Fighters !,ESL One Los Angeles 2020 Online powered by Intel,7.25,2020-04-17,2.0,2.0,2.0,48.0,77.0,96.0,3196.0,6403.0,10900.0,4030.0,7376.0,14023.0,-1386.0,-4516.0,12937.0,259.0,-1736.0,8479.0
5361088216,Dire,Lose,Bounty Hunter,6,14,17,3,47,367,17230,3.0,35,438,1.18,3,42,bot,No,46:57,44,31,Chicken Fighters !,Nigma,ESL One Los Angeles 2020 Online powered by Intel,7.25,2020-04-17,3.0,3.0,3.0,29.0,31.0,40.0,2819.0,5630.0,7985.0,1937.0,3513.0,5515.0,-441.0,3242.0,-8659.0,416.0,5146.0,-4223.0
5361200829,Radiant,Lose,Underlord,4,2,5,9,133,367,10147,,39,399,1.2,28,110,top,No,27:39,16,20,Nigma,Chicken Fighters !,ESL One Los Angeles 2020 Online powered by Intel,7.25,2020-04-17,7.0,9.0,,43.0,110.0,,2819.0,7461.0,,2536.0,7818.0,,-686.0,-5460.0,,314.0,-3328.0,
5380053716,Dire,Lose,Void Spirit,2,4,5,8,75,229,8098,,57,288,1.2,1,78,bot,No,35:22,41,10,Team Liquid,Nigma,WePlay! Pushka League,7.26,2020-04-26,8.0,8.0,8.0,29.0,46.0,75.0,2107.0,4559.0,7439.0,2632.0,5236.0,8407.0,-256.0,-6621.0,-22894.0,-1058.0,-3979.0,-10114.0
5380165383,Radiant,Win,Pugna,3,9,3,6,117,399,10221,,44,396,4.0,7,106,top,No,25:37,23,15,Nigma,Team Liquid,WePlay! Pushka League,7.26,2020-04-26,6.0,6.0,,39.0,80.0,,2471.0,6692.0,,2398.0,5371.0,,-389.0,-3455.0,,-785.0,77.0,
5380279351,Radiant,Lose,Winter Wyvern,1,14,10,11,195,314,19279,,67,425,1.5,50,148,top,No,01:24,33,54,Nigma,Team Liquid,WePlay! Pushka League,7.26,2020-04-26,7.0,8.0,8.0,22.0,52.0,73.0,1909.0,4694.0,7734.0,2460.0,6710.0,8685.0,-185.0,-1600.0,-4060.0,-676.0,-858.0,36.0
5382073241,Radiant,Win,Necrophos,6,7,5,3,84,371,9707,3.0,22,374,2.6,17,65,bot,No,26:10,31,14,Nigma,OG.Seed,WePlay! Pushka League,7.26,2020-04-27,0.0,2.0,,24.0,75.0,,1755.0,6054.0,,1866.0,5774.0,,-232.0,4007.0,,-58.0,1247.0,
5382162665,Dire,Lose,Axe,7,6,6,2,142,321,10940,3.0,58,469,2.17,38,96,bot,No,34:05,42,20,OG.Seed,Nigma,WePlay! Pushka League,7.26,2020-04-27,0.0,2.0,2.0,59.0,112.0,131.0,2842.0,6403.0,8981.0,3718.0,8365.0,11523.0,-641.0,-2099.0,-16761.0,-1677.0,-6172.0,-16901.0
5382273838,Radiant,Win,Slardar,5,28,3,6,70,339,10390,4.0,90,541,11.0,7,60,top,No,30:39,45,15,Nigma,OG.Seed,WePlay! Pushka League,7.26,2020-04-27,6.0,6.0,6.0,41.0,61.0,66.0,2428.0,5381.0,8684.0,2440.0,6459.0,13397.0,1646.0,8233.0,26305.0,469.0,5693.0,15738.0
5384029024,Radiant,Lose,Dragon Knight,0,4,5,2,85,237,6067,,54,288,0.8,16,68,top,No,25:36,6,26,Nigma,Ninjas in Pyjamas,WePlay! Pushka League,7.26,2020-04-28,2.0,2.0,,47.0,66.0,,2609.0,4504.0,,2812.0,5595.0,,884.0,-1179.0,,296.0,-4981.0,
5384104415,Radiant,Lose,Underlord,3,8,5,11,274,391,20012,,68,495,2.2,43,225,bot,No,51:11,16,32,Nigma,Ninjas in Pyjamas,WePlay! Pushka League,7.26,2020-04-28,7.0,9.0,10.0,56.0,119.0,168.0,3122.0,6962.0,10798.0,4005.0,8699.0,13911.0,1895.0,-3657.0,-9234.0,828.0,-1302.0,-5534.0
5394006768,Dire,Lose,Necrophos,1,7,9,11,116,297,9296,,41,329,0.89,20,98,bot,No,31:18,42,19,OG,Nigma,WePlay! Pushka League,7.26,2020-05-03,7.0,11.0,11.0,26.0,79.0,116.0,2197.0,6237.0,9138.0,2156.0,6866.0,10200.0,-356.0,-3479.0,-20368.0,-25.0,-2558.0,-11905.0
5394145163,Radiant,Lose,Axe,0,4,10,8,68,229,5461,,44,212,0.4,1,72,top,No,23:51,6,35,Nigma,OG,WePlay! Pushka League,7.26,2020-05-03,7.0,8.0,,46.0,59.0,,2819.0,4492.0,,2162.0,4231.0,,-1680.0,-11942.0,,-1402.0,-10532.0,
5398400229,Dire,Lose,Nature's Prophet,5,13,5,12,399,601,27045,4.0,67,701,3.6,92,305,top,No,45:00,44,22,Alliance,Nigma,WePlay! Pushka League,7.26,2020-05-05,6.0,9.0,11.0,27.0,99.0,219.0,2141.0,6993.0,14789.0,2261.0,6947.0,16484.0,-2832.0,-9655.0,-8550.0,-1270.0,-5092.0,-4762.0
5398553417,Dire,Lose,Beastmaster,2,3,5,11,102,297,7202,,44,352,1.0,12,85,top,Yes,24:15,32,8,Alliance,Nigma,WePlay! Pushka League,7.26,2020-05-05,8.0,11.0,,21.0,80.0,,1732.0,5603.0,,1920.0,7046.0,,-3387.0,-9671.0,,-3772.0,-12424.0,
5400231523,Dire,Lose,Brewmaster,1,5,3,19,123,306,9027,,77,364,2.0,16,117,bot,No,29:30,27,6,Team Secret,Nigma,WePlay! Pushka League,7.26,2020-05-06,17.0,18.0,19.0,39.0,83.0,122.0,2527.0,5588.0,8940.0,2110.0,5855.0,10739.0,-1424.0,-10079.0,-21362.0,-1190.0,-7064.0,-20285.0
5400343456,Dire,Lose,Pugna,0,3,7,12,98,298,7370,,26,319,0.43,13,93,top,No,24:44,38,8,Team Secret,Nigma,WePlay! Pushka League,7.26,2020-05-06,10.0,12.0,,47.0,85.0,,2910.0,6211.0,,3115.0,6981.0,,-2305.0,-8027.0,,-2568.0,-7187.0,
5402204871,Radiant,Win,Weaver,12,20,1,10,307,585,24901,9.0,36,713,32.0,69,229,top,No,42:34,48,38,Nigma,OG.Seed,WePlay! Pushka League,7.26,2020-05-07,8.0,10.0,10.0,32.0,97.0,189.0,2263.0,7886.0,13831.0,2080.0,8481.0,16758.0,-1839.0,-1430.0,-1717.0,-918.0,1435.0,-346.0
5427445398,Radiant,Lose,Dragon Knight,4,9,9,3,133,314,10126,,22,356,1.44,51,81,top,No,32:15,24,35,Ninjas in Pyjamas,OG,AMD SAPPHIRE OGA DOTA PIT EU/CIS Region,7.26,2020-05-21,2.0,3.0,3.0,36.0,80.0,126.0,2449.0,5984.0,9192.0,2469.0,6547.0,10428.0,-916.0,-2613.0,-11327.0,-523.0,-2410.0,-14984.0
5435088712,Dire,Win,Sand King,8,14,2,4,170,481,13740,5.0,58,630,11.0,44,124,top,No,28:34,9,27,Natus Vincere,Nigma,ESL One Birmingham 2020 Online powered by Intel,7.26,2020-05-25,4.0,4.0,,63.0,137.0,,3073.0,8277.0,,3814.0,9517.0,,-1026.0,387.0,,-973.0,2628.0,
5435186179,Radiant,Win,Mars,1,9,4,16,126,402,11390,,35,428,2.5,38,96,top,No,28:20,25,14,Nigma,Natus Vincere,ESL One Birmingham 2020 Online powered by Intel,7.26,2020-05-25,14.0,16.0,,46.0,100.0,,3021.0,6793.0,,1867.0,6260.0,,1785.0,-654.0,,3759.0,4281.0,
5437235502,Dire,Lose,Dragon Knight,2,15,10,8,285,357,22865,,129,552,1.7,120,158,bot,No,04:03,49,30,Aggressive Mode,Nigma,ESL One Birmingham 2020 Online powered by Intel,7.26,2020-05-26,5.0,7.0,7.0,41.0,71.0,120.0,2559.0,5676.0,8705.0,2241.0,6557.0,10188.0,-1433.0,-1045.0,-13004.0,-1469.0,-1692.0,-7947.0
5437327740,Radiant,Win,Weaver,2,17,2,8,136,491,11784,,17,523,9.5,22,109,top,No,24:00,30,12,Nigma,Aggressive Mode,ESL One Birmingham 2020 Online powered by Intel,7.26,2020-05-26,6.0,7.0,,35.0,106.0,,2656.0,7988.0,,2542.0,8369.0,,1966.0,8196.0,,3722.0,11126.0,
5437376750,Dire,Win,Bristleback,10,17,4,6,317,604,26294,5.0,46,663,6.75,62,226,top,No,43:32,23,43,Aggressive Mode,Nigma,ESL One Birmingham 2020 Online powered by Intel,7.26,2020-05-26,2.0,3.0,3.0,60.0,140.0,211.0,3728.0,8938.0,15275.0,3503.0,8429.0,14880.0,178.0,5210.0,13542.0,273.0,3935.0,12833.0
5438453741,Dire,Win,Sand King,4,7,0,3,99,358,7935,4.0,21,413,11.0,46,49,top,No,22:10,5,19,Gambit Esports,Nigma,ESL One Birmingham 2020 Online powered by Intel,7.26,2020-05-27,2.0,3.0,,31.0,90.0,,2227.0,6311.0,,2315.0,6422.0,,858.0,479.0,,2709.0,5701.0,
5438549024,Radiant,Lose,Wraith King,2,11,7,6,159,385,12031,,18,463,1.86,33,125,top,No,31:15,16,27,Nigma,Gambit Esports,ESL One Birmingham 2020 Online powered by Intel,7.26,2020-05-27,6.0,6.0,6.0,35.0,78.0,157.0,2507.0,6267.0,11491.0,2416.0,7207.0,12790.0,724.0,-1539.0,-7563.0,966.0,1159.0,-4457.0
5438638188,Dire,Win,Weaver,12,8,4,14,122,471,13195,8.0,31,525,5.0,11,108,bot,No,28:01,17,27,Gambit Esports,Nigma,ESL One Birmingham 2020 Online powered by Intel,7.26,2020-05-27,13.0,13.0,,51.0,81.0,,3015.0,7214.0,,3129.0,6852.0,,492.0,-1683.0,,2141.0,3850.0,
5440263095,Radiant,Win,Beastmaster,5,16,5,6,151,452,16113,,53,482,4.2,21,114,top,No,35:39,31,19,Nigma,Team Unique,ESL One Birmingham 2020 Online powered by Intel,7.26,2020-05-28,6.0,6.0,6.0,30.0,76.0,124.0,2489.0,7175.0,12104.0,2725.0,7190.0,11295.0,559.0,2362.0,2418.0,2038.0,5826.0,7044.0
5440415563,Radiant,Win,Nature's Prophet,4,16,6,13,179,439,12965,,22,505,3.33,55,127,top,No,29:32,37,16,Nigma,Team Unique,ESL One Birmingham 2020 Online powered by Intel,7.26,2020-05-28,7.0,11.0,13.0,21.0,102.0,179.0,1845.0,6698.0,12291.0,2184.0,6607.0,13744.0,-787.0,2360.0,13368.0,-1015.0,1694.0,9343.0
5442431843,Radiant,Win,Beastmaster,7,10,4,4,138,449,13103,3.0,32,547,4.25,27,94,top,No,29:11,27,23,Nigma,ViKin.gg,ESL One Birmingham 2020 Online powered by Intel,7.26,2020-05-29,3.0,4.0,4.0,42.0,76.0,136.0,3106.0,6897.0,12770.0,2919.0,6944.0,15854.0,748.0,-26.0,6052.0,1948.0,3388.0,8120.0
5442547543,Dire,Lose,Nature's Prophet,6,12,10,15,373,519,25811,,52,577,1.8,71,286,bot,Yes,49:44,57,23,ViKin.gg,Nigma,ESL One Birmingham 2020 Online powered by Intel,7.26,2020-05-29,9.0,12.0,13.0,14.0,68.0,164.0,1833.0,5898.0,12454.0,2009.0,5703.0,14024.0,-1141.0,-5940.0,-7384.0,-1222.0,-3903.0,-1404.0
5442650443,Radiant,Win,Kunkka,3,13,2,4,127,394,11741,,31,431,8.0,26,95,bot,No,29:48,22,11,Nigma,ViKin.gg,ESL One Birmingham 2020 Online powered by Intel,7.26,2020-05-29,3.0,4.0,4.0,36.0,90.0,124.0,2712.0,6969.0,10979.0,2745.0,7370.0,12160.0,1434.0,3439.0,17525.0,3125.0,7900.0,20448.0
5444178849,Radiant,Lose,Beastmaster,3,12,12,14,268,421,23302,,55,458,1.25,68,189,top,No,55:21,25,38,Nigma,Team Liquid,ESL One Birmingham 2020 Online powered by Intel,7.26,2020-05-30,11.0,14.0,14.0,32.0,84.0,138.0,2115.0,6207.0,10470.0,2443.0,7127.0,11323.0,-1957.0,-4474.0,-7979.0,-1145.0,-2075.0,1197.0
5444388252,Dire,Win,Queen of Pain,9,5,2,15,152,528,12346,3.0,20,601,7.0,36,123,top,No,23:23,13,22,Team Liquid,Nigma,ESL One Birmingham 2020 Online powered by Intel,7.26,2020-05-30,14.0,15.0,,43.0,119.0,,2677.0,8626.0,,3598.0,9153.0,,-825.0,-117.0,,388.0,6556.0,
5444494373,Dire,Win,Death Prophet,4,27,10,5,364,452,32318,,176,591,3.1,81,256,bot,No,11:30,48,40,Team Liquid,Nigma,ESL One Birmingham 2020 Online powered by Intel,7.26,2020-05-30,3.0,4.0,5.0,31.0,100.0,161.0,2257.0,6517.0,11053.0,2099.0,6800.0,12131.0,-1489.0,-1383.0,3363.0,34.0,1189.0,6445.0
5446441916,Dire,Lose,Luna,0,3,6,9,86,269,6187,,7,325,0.5,1,86,bot,No,23:00,34,4,Team Secret,Nigma,ESL One Birmingham 2020 Online powered by Intel,7.26,2020-05-31,9.0,9.0,,47.0,85.0,,2715.0,5742.0,,2375.0,7121.0,,-2993.0,-18699.0,,-2751.0,-18860.0,
5446591207,Radiant,Lose,Sand King,4,3,5,4,149,315,11455,,31,382,1.4,51,93,top,No,36:22,11,32,Nigma,Team Secret,ESL One Birmingham 2020 Online powered by Intel,7.26,2020-05-31,4.0,4.0,4.0,39.0,97.0,123.0,2637.0,6240.0,9733.0,2536.0,7019.0,11307.0,-2108.0,-2210.0,-9259.0,-1619.0,-3154.0,-4556.0
5452379337,Dire,Win,Beastmaster,7,9,1,4,157,523,13197,7.0,10,609,16.0,16,133,top,No,25:14,16,24,VP.Prodigy,Nigma,ESL One Birmingham 2020 Online powered by Intel,7.26,2020-06-03,2.0,3.0,,72.0,132.0,,4253.0,9669.0,,4593.0,9471.0,,-1273.0,-397.0,,-66.0,6420.0,
5452438801,Dire,Lose,Lycan,11,16,8,11,202,461,18463,4.0,35,592,3.38,60,137,top,No,40:03,38,34,VP.Prodigy,Nigma,ESL One Birmingham 2020 Online powered by Intel,7.26,2020-06-03,6.0,7.0,7.0,42.0,104.0,131.0,2603.0,7150.0,11495.0,2839.0,7470.0,13101.0,599.0,-3208.0,-2894.0,2257.0,813.0,-1769.0
5453872903,Dire,Win,Sand King,2,23,9,3,132,375,12443,,66,443,2.78,28,103,bot,No,33:11,17,41,Team Liquid,Nigma,ESL One Birmingham 2020 Online powered by Intel,7.26,2020-06-04,3.0,3.0,3.0,42.0,99.0,126.0,2760.0,6785.0,10440.0,2911.0,7775.0,12365.0,595.0,4219.0,20320.0,1728.0,4707.0,18971.0
5455298287,Dire,Win,Beastmaster,0,2,1,11,64,331,4451,,3,320,2.0,6,68,bot,No,13:27,6,21,Team Secret,Nigma,ESL One Birmingham 2020 Online powered by Intel,7.26,2020-06-05,6.0,,,40.0,,,2555.0,,,2352.0,,,3499.0,,,3554.0,,
5455384177,Dire,Lose,Weaver,2,2,6,13,163,310,10069,,23,366,0.67,38,128,bot,No,32:29,40,7,Team Secret,Nigma,ESL One Birmingham 2020 Online powered by Intel,7.26,2020-06-05,11.0,12.0,13.0,39.0,106.0,163.0,2868.0,6928.0,9812.0,3143.0,7318.0,10793.0,437.0,-4897.0,-25632.0,-241.0,-6894.0,-20763.0
5462382242,Dire,Win,Beastmaster,8,15,2,8,169,518,14227,5.0,18,652,11.5,45,123,mid,No,27:28,10,37,Team Liquid,Nigma,BLAST Bounty Hunt,7.26,2020-06-09,7.0,8.0,,67.0,127.0,,3510.0,9465.0,,4665.0,11393.0,,2415.0,15294.0,,1483.0,11742.0,
5462470225,Dire,Lose,Dark Seer,0,10,9,1,185,327,12039,,32,284,1.11,57,125,bot,No,36:49,42,16,Team Liquid,Nigma,BLAST Bounty Hunt,7.26,2020-06-09,1.0,1.0,1.0,43.0,88.0,146.0,2524.0,5655.0,9244.0,2318.0,5646.0,8914.0,-3664.0,-7842.0,-17604.0,-2189.0,-8576.0,-17842.0
5462574971,Dire,Win,Queen of Pain,3,20,0,19,257,522,20627,3.0,74,696,23.0,61,204,top,No,39:31,20,31,Team Liquid,Nigma,BLAST Bounty Hunt,7.26,2020-06-09,13.0,16.0,18.0,45.0,119.0,193.0,2728.0,7716.0,13776.0,3982.0,10082.0,18175.0,325.0,3074.0,13433.0,-391.0,2003.0,12120.0
5463973116,Dire,Lose,Nature's Prophet,3,19,5,15,283,479,19966,,55,480,4.4,74,204,bot,No,41:41,40,25,Team Secret,Nigma,BLAST Bounty Hunt,7.26,2020-06-10,10.0,12.0,15.0,36.0,102.0,191.0,2704.0,7487.0,13152.0,2324.0,6610.0,13682.0,328.0,1244.0,-8184.0,745.0,6749.0,2680.0
5464094675,Radiant,Win,Sand King,6,17,5,3,124,386,14346,,69,550,4.6,17,102,top,Yes,37:10,30,17,Nigma,Team Secret,BLAST Bounty Hunt,7.26,2020-06-10,2.0,2.0,2.0,29.0,63.0,91.0,2322.0,5666.0,10122.0,2418.0,6507.0,13265.0,1467.0,4043.0,14565.0,1214.0,3214.0,11039.0
5464196881,Radiant,Lose,Dragon Knight,0,4,13,6,107,237,8535,,57,257,0.31,39,69,bot,No,36:01,6,35,Nigma,Team Secret,BLAST Bounty Hunt,7.26,2020-06-10,0.0,6.0,6.0,26.0,69.0,99.0,1851.0,5203.0,7405.0,1653.0,5085.0,8611.0,-402.0,-6592.0,-17743.0,-1479.0,-5951.0,-18361.0
5465557162,Dire,Win,Queen of Pain,6,17,6,14,224,495,19272,3.0,47,548,3.83,58,158,bot,No,38:56,30,35,Ninjas in Pyjamas,Nigma,BLAST Bounty Hunt,7.26,2020-06-11,5.0,14.0,14.0,33.0,121.0,169.0,2131.0,7292.0,11706.0,1841.0,7291.0,13107.0,-743.0,4119.0,17848.0,-1221.0,-351.0,7039.0
5465672486,Dire,Win,Nature's Prophet,11,23,5,14,309,661,23895,4.0,33,732,6.8,103,201,bot,No,36:09,19,48,Ninjas in Pyjamas,Nigma,BLAST Bounty Hunt,7.26,2020-06-11,14.0,14.0,14.0,46.0,129.0,235.0,3345.0,9297.0,17377.0,3315.0,8782.0,18329.0,446.0,6661.0,18364.0,2312.0,9911.0,20416.0
5467135969,Dire,Lose,Weaver,3,2,7,4,169,370,12025,,18,432,0.71,15,146,top,No,32:30,48,11,Team Liquid,Nigma,BLAST Bounty Hunt,7.26,2020-06-12,3.0,4.0,4.0,59.0,123.0,153.0,3342.0,7792.0,10437.0,3963.0,9030.0,12323.0,-3108.0,-8768.0,-32478.0,-2682.0,-7254.0,-22243.0
5467243363,Dire,Win,Chen,2,11,1,20,134,379,10112,,12,382,13.0,47,91,bot,No,26:41,11,19,Team Liquid,Nigma,BLAST Bounty Hunt,7.26,2020-06-12,18.0,20.0,,37.0,102.0,,2478.0,6666.0,,2042.0,6462.0,,-387.0,4939.0,,-18.0,2371.0,
5467338855,Dire,Win,Dragon Knight,6,20,4,9,180,411,15823,4.0,112,576,6.5,51,129,mid,No,38:30,25,34,Team Liquid,Nigma,BLAST Bounty Hunt,7.26,2020-06-12,7.0,8.0,9.0,38.0,107.0,159.0,2604.0,6939.0,10862.0,3921.0,7827.0,14795.0,-170.0,1585.0,7340.0,-359.0,1399.0,6118.0
5468646252,Dire,Lose,Sand King,3,1,5,6,113,331,8765,,26,396,0.8,16,97,bot,No,26:29,37,10,OG,Nigma,BLAST Bounty Hunt,7.26,2020-06-13,5.0,6.0,,39.0,104.0,,2745.0,7175.0,,3294.0,7811.0,,979.0,-8771.0,,459.0,-6862.0,
5468742509,Radiant,Lose,Kunkka,3,14,2,6,99,313,8351,,47,351,8.5,24,72,top,No,26:41,24,21,Nigma,OG,BLAST Bounty Hunt,7.26,2020-06-13,6.0,6.0,,52.0,89.0,,3393.0,6778.0,,3179.0,7145.0,,575.0,516.0,,451.0,1966.0,
5473908604,Dire,Win,Necrophos,8,12,0,12,191,521,14023,8.0,14,579,20.0,21,174,top,No,26:55,8,44,OG,Nigma,Beyond Epic League,7.26,2020-06-16,8.0,10.0,,55.0,131.0,,3360.0,9105.0,,3984.0,9422.0,,1431.0,9926.0,,1925.0,11359.0,
5474000073,Dire,Lose,Queen of Pain,3,2,5,15,160,369,10750,,16,381,1.0,44,123,top,No,29:08,30,16,OG,Nigma,Beyond Epic League,7.26,2020-06-16,9.0,14.0,15.0,25.0,92.0,160.0,2382.0,6518.0,10768.0,2573.0,7019.0,11108.0,-2002.0,-4659.0,-28346.0,455.0,-1341.0,-16519.0
5474075354,Radiant,Lose,Doom,4,8,6,3,128,444,13875,4.0,19,565,2.0,17,107,top,No,31:15,29,38,Nigma,OG,Beyond Epic League,7.26,2020-06-16,0.0,2.0,3.0,17.0,75.0,123.0,1933.0,6207.0,11710.0,1929.0,6654.0,12652.0,-904.0,27.0,-8624.0,-311.0,-929.0,-3731.0
5475225251,Radiant,Win,Nature's Prophet,6,11,3,27,230,509,16966,4.0,31,545,5.67,51,192,top,No,33:20,29,10,Nigma,Team Unique,Beyond Epic League,7.26,2020-06-17,22.0,22.0,25.0,53.0,117.0,207.0,3232.0,8030.0,13905.0,3988.0,7799.0,14643.0,1491.0,4271.0,7076.0,1375.0,5950.0,9053.0
5475272899,Radiant,Win,Lycan,5,16,3,14,167,473,13480,3.0,33,470,7.0,62,106,bot,No,28:30,35,13,Nigma,Team Unique,Beyond Epic League,7.26,2020-06-17,13.0,14.0,,39.0,98.0,,2439.0,7457.0,,2960.0,7388.0,,1278.0,11212.0,,1078.0,12608.0,
5476534561,Dire,Win,Pugna,13,8,1,15,73,405,11427,9.0,65,443,21.0,8,74,mid,No,28:13,10,30,ViKin.gg,Nigma,Beyond Epic League,7.26,2020-06-18,15.0,15.0,,42.0,59.0,,3150.0,6797.0,,3263.0,7544.0,,-3993.0,-245.0,,-453.0,3800.0,
5476643426,Dire,Lose,Storm Spirit,6,1,7,14,191,362,12229,3.0,12,417,1.0,31,143,bot,No,33:47,35,13,ViKin.gg,Nigma,Beyond Epic League,7.26,2020-06-18,8.0,14.0,14.0,43.0,117.0,175.0,2765.0,6938.0,11023.0,3574.0,8327.0,12439.0,-1823.0,-12057.0,-20673.0,-1504.0,-10640.0,-16901.0
5476746876,Dire,Win,Queen of Pain,7,24,5,11,431,552,35668,3.0,117,621,6.2,120,301,bot,No,04:37,30,45,ViKin.gg,Nigma,Beyond Epic League,7.26,2020-06-18,3.0,7.0,9.0,14.0,59.0,122.0,1707.0,5572.0,10246.0,1501.0,6210.0,12749.0,37.0,1562.0,3799.0,1053.0,3977.0,8857.0
5478132465,Radiant,Win,Necrophos,17,17,4,7,338,534,30277,8.0,124,580,8.5,118,216,bot,No,56:42,52,34,Nigma,B8,Beyond Epic League,7.26,2020-06-19,2.0,5.0,7.0,35.0,92.0,139.0,2515.0,6964.0,11335.0,2712.0,7998.0,13440.0,351.0,1151.0,9240.0,263.0,31.0,6105.0
5478243453,Dire,Win,Kunkka,1,15,1,4,125,486,10400,,53,533,16.0,7,117,top,No,21:24,11,29,B8,Nigma,Beyond Epic League,7.26,2020-06-19,2.0,4.0,,63.0,120.0,,3484.0,8858.0,,4200.0,9986.0,,1996.0,15604.0,,1960.0,18939.0,
5483715042,Dire,Win,Queen of Pain,4,19,0,6,161,462,13921,4.0,27,564,23.0,18,141,top,No,30:08,13,34,Team Secret,Nigma,Beyond Epic League,7.26,2020-06-23,2.0,4.0,6.0,23.0,83.0,158.0,1853.0,6015.0,12867.0,2408.0,7147.0,15067.0,-650.0,2287.0,20025.0,-1706.0,-242.0,18270.0
5483779865,Radiant,Win,Beastmaster,2,13,2,11,235,518,17698,,23,578,7.5,71,152,mid,No,34:10,24,19,Nigma,Team Secret,Beyond Epic League,7.26,2020-06-23,8.0,11.0,11.0,48.0,133.0,204.0,2772.0,7917.0,13399.0,3946.0,9681.0,14365.0,-1584.0,-2353.0,7504.0,-2007.0,-3682.0,703.0
5487606890,Dire,Win,Necrophos,6,9,2,6,168,459,14779,4.0,41,635,7.5,45,120,top,No,32:12,9,27,FlyToMoon,Nigma,Beyond Epic League,7.26,2020-06-26,1.0,4.0,5.0,27.0,102.0,155.0,2189.0,7077.0,11743.0,2469.0,7843.0,14253.0,425.0,3380.0,-100.0,1554.0,7599.0,11862.0
5487703442,Dire,Lose,Venomancer,6,10,9,19,291,442,20597,3.0,59,418,1.78,49,228,bot,No,46:36,57,24,FlyToMoon,Nigma,Beyond Epic League,7.26,2020-06-26,9.0,18.0,19.0,39.0,112.0,194.0,2920.0,7918.0,13249.0,2383.0,7220.0,11803.0,-799.0,-6207.0,-20684.0,162.0,-2310.0,-9181.0
5487816574,Dire,Win,Nature's Prophet,7,12,3,18,258,619,21417,5.0,24,736,6.33,54,198,mid,No,34:36,19,28,FlyToMoon,Nigma,Beyond Epic League,7.26,2020-06-26,13.0,17.0,18.0,34.0,108.0,211.0,2282.0,7711.0,14671.0,2831.0,8229.0,17534.0,-1337.0,2275.0,2142.0,51.0,9461.0,12866.0
5487920183,Dire,Lose,Lycan,5,5,6,5,178,386,12435,,14,357,1.67,45,130,top,No,32:13,34,16,Team Liquid,Nigma,Beyond Epic League,7.26,2020-06-26,5.0,5.0,5.0,45.0,117.0,177.0,2986.0,7828.0,11510.0,2775.0,7374.0,10428.0,-2300.0,-4996.0,-22481.0,-551.0,-649.0,-15538.0
5487987325,Dire,Win,Necrophos,7,18,6,7,260,561,23571,3.0,70,668,4.17,55,192,mid,No,42:01,25,34,Team Liquid,Nigma,Beyond Epic League,7.26,2020-06-26,5.0,5.0,6.0,48.0,125.0,178.0,2919.0,7694.0,13134.0,3743.0,8255.0,13925.0,-1186.0,-4051.0,-6486.0,-40.0,-196.0,5632.0
5488049930,Radiant,Win,Bristleback,10,8,4,4,159,488,15494,6.0,41,654,4.5,26,128,mid,No,31:45,31,21,Nigma,Team Liquid,Beyond Epic League,7.26,2020-06-26,3.0,4.0,4.0,54.0,104.0,152.0,3578.0,7327.0,13448.0,4199.0,8051.0,16923.0,143.0,1244.0,7746.0,1044.0,3297.0,11210.0
5490555360,Radiant,Lose,Bristleback,0,7,7,10,236,373,18214,,134,501,1.0,47,184,mid,No,48:50,17,29,Nigma,Team Secret,Beyond Epic League,7.26,2020-06-28,7.0,10.0,10.0,41.0,109.0,168.0,2554.0,6922.0,11303.0,3705.0,7988.0,13521.0,28.0,-3238.0,-222.0,1721.0,1854.0,5743.0
5490651026,Dire,Lose,Dragon Knight,5,22,12,11,411,462,34665,,200,555,2.25,125,267,bot,No,15:02,45,37,Team Secret,Nigma,Beyond Epic League,7.26,2020-06-28,10.0,11.0,11.0,39.0,98.0,111.0,2575.0,6467.0,9695.0,2838.0,7260.0,13435.0,-617.0,-2186.0,1277.0,-680.0,-1736.0,3234.0
5490791923,Radiant,Lose,Underlord,3,6,8,3,209,399,14277,,10,445,1.12,56,154,mid,No,35:47,20,42,Nigma,Team Secret,Beyond Epic League,7.26,2020-06-28,1.0,2.0,2.0,47.0,116.0,186.0,2916.0,7751.0,12221.0,3568.0,9012.0,14306.0,904.0,-5474.0,-19637.0,-185.0,-3130.0,-12611.0
5539019779,Radiant,Win,Dark Seer,6,20,4,1,200,404,19789,,46,541,6.5,47,149,top,No,48:59,34,26,Nigma,FlyToMoon,AMD SAPPHIRE OGA DOTA PIT EU/CIS,7.27,2020-07-27,1.0,1.0,1.0,45.0,99.0,133.0,3861.0,7573.0,10695.0,2878.0,7470.0,11773.0,404.0,-1683.0,-6163.0,1292.0,355.0,-2779.0
5539178759,Dire,Win,Nature's Prophet,10,11,8,32,231,598,20800,7.0,17,681,2.62,46,204,bot,No,34:47,19,36,FlyToMoon,Nigma,AMD SAPPHIRE OGA DOTA PIT EU/CIS,7.27,2020-07-27,19.0,26.0,30.0,26.0,100.0,181.0,2250.0,7319.0,13298.0,1851.0,7582.0,15865.0,836.0,3319.0,650.0,2292.0,5169.0,5485.0
5540214179,Radiant,Win,Doom,8,24,7,12,116,487,16622,3.0,26,531,4.57,41,81,top,No,34:08,48,29,Nigma,OG,AMD SAPPHIRE OGA DOTA PIT EU/CIS,7.27,2020-07-28,12.0,12.0,12.0,33.0,67.0,109.0,3032.0,7105.0,12679.0,2564.0,6199.0,11603.0,-1780.0,-616.0,10595.0,595.0,24.0,6553.0
5540314298,Radiant,Win,Slardar,9,22,2,16,107,464,14252,5.0,11,635,15.5,35,81,bot,No,30:43,52,17,Nigma,OG,AMD SAPPHIRE OGA DOTA PIT EU/CIS,7.27,2020-07-28,16.0,16.0,16.0,50.0,85.0,105.0,3227.0,7573.0,12393.0,4734.0,9173.0,15823.0,2705.0,5787.0,23690.0,2952.0,4932.0,15339.0
5542158936,Dire,Lose,Beastmaster,1,5,6,8,175,374,12921,,1,409,1.0,48,120,bot,No,34:33,35,24,Alliance,Nigma,AMD SAPPHIRE OGA DOTA PIT EU/CIS,7.27,2020-07-29,6.0,8.0,8.0,35.0,89.0,148.0,2443.0,6840.0,10841.0,2446.0,6622.0,11500.0,334.0,-1080.0,-18779.0,112.0,2612.0,-7400.0
5542269807,Dire,Win,Sand King,8,22,3,4,73,411,9494,5.0,8,463,10.0,16,60,bot,No,23:06,11,44,Alliance,Nigma,AMD SAPPHIRE OGA DOTA PIT EU/CIS,7.27,2020-07-29,4.0,4.0,,33.0,66.0,,2682.0,7003.0,,2387.0,7394.0,,1932.0,12243.0,,1905.0,9510.0,
5542347845,Dire,Win,Necrophos,8,18,4,10,157,535,14730,4.0,16,556,6.5,34,124,bot,No,27:32,10,37,Alliance,Nigma,AMD SAPPHIRE OGA DOTA PIT EU/CIS,7.27,2020-07-29,6.0,10.0,,41.0,112.0,,2758.0,8542.0,,2222.0,8224.0,,214.0,8696.0,,-309.0,9050.0,
5543911793,Dire,Win,Dark Seer,8,30,1,10,267,517,24359,5.0,38,552,38.0,73,198,bot,No,47:07,22,47,Alliance,Nigma,AMD SAPPHIRE OGA DOTA PIT EU/CIS,7.27,2020-07-30,8.0,10.0,10.0,45.0,100.0,138.0,2863.0,7192.0,12202.0,3006.0,7372.0,13089.0,-3440.0,-2026.0,8961.0,-3597.0,-2814.0,5373.0
5544018011,Radiant,Win,Enigma,7,22,2,38,194,444,14814,5.0,18,572,14.5,96,107,top,No,33:22,35,11,Nigma,Alliance,AMD SAPPHIRE OGA DOTA PIT EU/CIS,7.27,2020-07-30,23.0,32.0,36.0,52.0,117.0,180.0,3181.0,7187.0,11697.0,2879.0,6757.0,13244.0,496.0,1140.0,18731.0,1101.0,1752.0,12836.0
5544097687,Dire,Lose,Magnus,5,26,4,4,149,349,15536,3.0,33,570,7.75,48,93,bot,No,44:31,34,38,Alliance,Nigma,AMD SAPPHIRE OGA DOTA PIT EU/CIS,7.27,2020-07-30,4.0,4.0,4.0,28.0,77.0,96.0,2452.0,6260.0,9784.0,2147.0,8123.0,12901.0,-1298.0,1532.0,-4946.0,-1939.0,-328.0,-454.0
5544186124,Radiant,Lose,Slardar,5,8,9,11,128,315,10893,5.0,31,331,1.44,46,85,top,No,34:35,19,36,Nigma,Alliance,AMD SAPPHIRE OGA DOTA PIT EU/CIS,7.27,2020-07-30,6.0,7.0,11.0,36.0,76.0,126.0,2440.0,6212.0,9753.0,2903.0,6554.0,10321.0,320.0,1726.0,-15531.0,167.0,1915.0,-10324.0
5544256480,Dire,Win,Venomancer,4,27,11,10,165,412,17201,,74,518,2.82,51,106,bot,No,41:45,38,39,Alliance,Nigma,AMD SAPPHIRE OGA DOTA PIT EU/CIS,7.27,2020-07-30,4.0,6.0,10.0,32.0,92.0,120.0,2511.0,6933.0,10730.0,2718.0,5942.0,10146.0,-756.0,-4770.0,-2007.0,-857.0,-2048.0,1143.0
5569507999,Dire,Win,Dark Seer,2,20,6,3,181,343,15629,,38,381,3.67,81,99,bot,No,45:34,35,39,Alliance,Nigma,OMEGA League,7.27,2020-08-15,3.0,3.0,3.0,30.0,70.0,119.0,2234.0,6006.0,9555.0,1944.0,6362.0,10502.0,-753.0,3327.0,3218.0,-936.0,4172.0,4540.0
5569602030,Radiant,Lose,Beastmaster,1,4,7,28,114,316,8068,,9,381,0.71,16,90,bot,No,25:32,13,27,Nigma,Alliance,OMEGA League,7.27,2020-08-15,22.0,28.0,,53.0,94.0,,2899.0,6341.0,,3262.0,7737.0,,720.0,-3765.0,,1114.0,-1978.0,
5569669140,Dire,Win,Doom,4,31,6,13,169,527,28185,,64,649,5.83,67,109,mid,No,53:29,40,49,Alliance,Nigma,OMEGA League,7.27,2020-08-15,9.0,11.0,13.0,51.0,96.0,124.0,3918.0,8706.0,13602.0,3972.0,9275.0,15270.0,-789.0,1748.0,5858.0,463.0,879.0,6092.0
5577029383,Radiant,Lose,Doom,5,14,9,21,146,464,19302,,30,509,2.11,42,111,bot,No,41:36,23,29,Nigma,Evil Geniuses,OMEGA League,7.27,2020-08-20,17.0,20.0,21.0,43.0,73.0,115.0,3418.0,6821.0,12252.0,2903.0,6881.0,12687.0,-1315.0,-6605.0,-6633.0,408.0,-3351.0,-6026.0
5577117359,Dire,Win,Dark Seer,3,25,3,5,210,464,15915,,44,508,9.33,73,126,bot,No,34:18,21,33,Evil Geniuses,Nigma,OMEGA League,7.27,2020-08-20,2.0,3.0,5.0,39.0,106.0,180.0,2709.0,6527.0,11889.0,2468.0,6426.0,11918.0,-1389.0,-3197.0,9519.0,-1411.0,-5273.0,1138.0
5577184403,Radiant,Lose,Slardar,2,3,11,11,111,292,9300,,20,284,0.45,23,91,bot,No,31:51,15,51,Nigma,Evil Geniuses,OMEGA League,7.27,2020-08-20,7.0,11.0,11.0,42.0,79.0,99.0,2874.0,6212.0,8413.0,2539.0,5883.0,8253.0,20.0,-8327.0,-19539.0,-565.0,-7776.0,-21941.0
5578333805,Radiant,Lose,Treant Protector,2,13,8,3,160,292,13685,,30,389,1.88,15,115,top,No,46:52,22,32,Nigma,5men,OMEGA League,7.27,2020-08-21,3.0,3.0,3.0,43.0,78.0,108.0,2595.0,6048.0,9107.0,2119.0,5614.0,11867.0,-116.0,-1653.0,912.0,-652.0,-3544.0,-4248.0
5578443150,Dire,Win,Sand King,4,19,1,1,131,423,11928,3.0,30,540,23.0,31,87,mid,No,28:12,15,39,5men,Nigma,OMEGA League,7.27,2020-08-21,1.0,1.0,,48.0,88.0,,3039.0,7321.0,,3491.0,8789.0,,1805.0,8738.0,,2646.0,9196.0,
5578520818,Dire,Win,Underlord,6,13,2,5,127,434,10083,3.0,21,552,9.5,23,97,bot,No,23:14,8,33,5men,Nigma,OMEGA League,7.27,2020-08-21,3.0,5.0,,38.0,105.0,,3054.0,8046.0,,2823.0,9056.0,,-423.0,15949.0,,-2.0,10406.0,
5587331831,Dire,Lose,Slardar,1,6,12,6,96,278,9248,,10,267,0.58,39,57,bot,No,33:16,41,13,Virtus.pro,Nigma,OMEGA League,7.27,2020-08-27,3.0,6.0,6.0,25.0,45.0,77.0,2091.0,4694.0,7989.0,2145.0,5153.0,7789.0,-23.0,-4694.0,-21471.0,-244.0,-4146.0,-12289.0
5587433802,Dire,Win,Undying,6,19,2,24,113,427,13429,3.0,51,689,12.5,12,118,bot,No,31:27,15,36,Virtus.pro,Nigma,OMEGA League,7.27,2020-08-27,22.0,24.0,24.0,39.0,91.0,108.0,2611.0,7323.0,11647.0,3103.0,8684.0,17013.0,3216.0,5023.0,11170.0,1308.0,2965.0,11344.0
5587524164,Radiant,Win,Magnus,3,15,3,5,97,330,10670,,27,431,6.0,44,54,top,No,32:20,23,16,Nigma,Virtus.pro,OMEGA League,7.27,2020-08-27,5.0,5.0,5.0,43.0,72.0,94.0,2749.0,5629.0,8961.0,2922.0,5788.0,10482.0,-1147.0,1210.0,12918.0,-2222.0,-663.0,8433.0
5590576644,Dire,Win,Magnus,3,18,4,12,120,343,14263,,18,459,5.25,38,90,bot,No,41:35,14,29,Natus Vincere,Nigma,OMEGA League,7.27,2020-08-29,10.0,12.0,12.0,47.0,85.0,105.0,3547.0,6354.0,8996.0,2620.0,6450.0,9614.0,1435.0,8944.0,9913.0,3135.0,8070.0,7120.0
5590704391,Dire,Win,Sand King,2,16,7,16,140,348,15770,,42,515,2.57,39,111,bot,No,45:19,27,31,Natus Vincere,Nigma,OMEGA League,7.27,2020-08-29,15.0,15.0,16.0,42.0,74.0,112.0,2756.0,5902.0,9059.0,2709.0,7777.0,11799.0,1446.0,8476.0,9250.0,2254.0,6323.0,9087.0
5598197697,Radiant,Lose,Dark Seer,1,7,7,3,125,316,9659,,12,260,1.14,15,110,top,No,30:34,12,44,Nigma,OG,OMEGA League,7.27,2020-09-03,3.0,3.0,3.0,36.0,66.0,119.0,2363.0,5559.0,9187.0,1768.0,4275.0,7769.0,-2096.0,-10042.0,-30108.0,-2439.0,-9412.0,-24426.0
5598283573,Radiant,Lose,Sand King,5,18,10,3,103,313,12316,,31,430,2.3,21,78,top,No,39:21,31,39,Nigma,OG,OMEGA League,7.27,2020-09-03,1.0,2.0,3.0,35.0,72.0,91.0,2704.0,6933.0,9462.0,2891.0,8470.0,11761.0,-1057.0,3797.0,-8425.0,-348.0,2090.0,-4307.0
5599568828,Radiant,Win,Bloodseeker,3,17,3,10,207,455,19163,,49,601,6.67,60,146,bot,No,42:07,27,24,Nigma,Team Liquid,OMEGA League,7.27,2020-09-04,10.0,10.0,10.0,43.0,112.0,158.0,3244.0,7927.0,11751.0,2835.0,6877.0,11341.0,-1814.0,-199.0,-8172.0,-1349.0,2816.0,709.0
5599684763,Radiant,Win,Nature's Prophet,6,14,3,17,146,531,11726,3.0,6,549,6.67,40,114,bot,No,22:05,28,12,Nigma,Team Liquid,OMEGA League,7.27,2020-09-04,17.0,17.0,,52.0,122.0,,3339.0,9058.0,,2538.0,9197.0,,141.0,12031.0,,2294.0,13991.0,
5601150333,Dire,Win,Dragon Knight,4,16,7,11,127,378,14874,,39,646,2.86,25,103,top,No,39:21,45,28,Alliance,Nigma,OMEGA League,7.27,2020-09-05,10.0,11.0,11.0,50.0,90.0,115.0,3128.0,7131.0,10068.0,3275.0,7609.0,12202.0,-1824.0,-7327.0,-15423.0,-965.0,-224.0,-5335.0
5601270789,Radiant,Win,Beastmaster,2,17,4,23,191,438,19286,,34,530,4.75,71,122,top,No,44:02,27,26,Nigma,Alliance,OMEGA League,7.27,2020-09-05,22.0,23.0,23.0,63.0,106.0,145.0,3505.0,7116.0,11365.0,3161.0,6731.0,10311.0,2258.0,2147.0,1126.0,2583.0,3811.0,5272.0
5602634480,Radiant,Lose,Sand King,5,20,3,6,162,426,15307,,38,759,8.33,24,132,bot,No,35:56,37,33,Nigma,OG,OMEGA League,7.27,2020-09-06,5.0,6.0,6.0,42.0,119.0,151.0,2796.0,8275.0,12519.0,3097.0,11341.0,19938.0,-248.0,-522.0,7423.0,709.0,1157.0,3280.0
5602751412,Radiant,Lose,Magnus,2,12,10,1,117,295,10747,,40,440,1.4,33,80,mid,No,36:26,25,48,Nigma,OG,OMEGA League,7.27,2020-09-06,1.0,1.0,1.0,31.0,61.0,77.0,2238.0,5179.0,7823.0,2920.0,7279.0,11863.0,-2818.0,-11707.0,-7423.0,-2184.0,-11186.0,-13605.0
5627128983,Dire,Lose,Beastmaster,1,2,9,8,122,288,10017,,13,318,0.33,18,100,bot,No,34:47,33,9,Natus Vincere,Nigma,AMD SAPPHIRE OGA DOTA PIT EU/CIS,7.27,2020-09-23,7.0,7.0,7.0,32.0,78.0,105.0,2522.0,6446.0,8585.0,2560.0,6142.0,8581.0,200.0,-7389.0,-32033.0,1195.0,-158.0,-16863.0
5627201508,Dire,Lose,Tiny,2,8,9,0,114,308,9968,,7,370,1.11,6,105,bot,No,32:22,41,18,Natus Vincere,Nigma,AMD SAPPHIRE OGA DOTA PIT EU/CIS,7.27,2020-09-23,0.0,0.0,0.0,23.0,59.0,106.0,2410.0,5535.0,9289.0,2378.0,6335.0,11728.0,-872.0,-6418.0,-18494.0,-1113.0,-3763.0,-13598.0
5628848666,Dire,Lose,Leshrac,7,8,6,7,275,468,17191,3.0,20,595,2.5,128,135,top,No,36:44,36,21,VP.Prodigy,Nigma,AMD SAPPHIRE OGA DOTA PIT EU/CIS,7.27,2020-09-24,5.0,6.0,7.0,66.0,170.0,253.0,3405.0,8648.0,14984.0,3738.0,9391.0,18674.0,1184.0,2278.0,-15060.0,1142.0,3898.0,-3852.0
5628941055,Dire,Lose,Underlord,0,12,9,9,189,380,13825,,71,436,1.33,38,156,bot,No,36:23,43,26,VP.Prodigy,Nigma,AMD SAPPHIRE OGA DOTA PIT EU/CIS,7.27,2020-09-24,8.0,9.0,9.0,45.0,104.0,160.0,2883.0,7048.0,11324.0,2467.0,6569.0,12813.0,-2031.0,-3155.0,4008.0,-506.0,-355.0,3220.0
5647080796,Dire,Lose,Nature's Prophet,4,10,10,23,533,601,33645,,36,567,1.4,182,344,bot,No,55:59,46,19,Yellow Submarine,Nigma,ESL One Germany 2020 Online powered by Intel,7.27,2020-10-07,11.0,14.0,14.0,41.0,116.0,209.0,2766.0,7880.0,14076.0,2595.0,6995.0,12482.0,-1441.0,-3858.0,-4024.0,-1596.0,996.0,4845.0
5647216127,Dire,Lose,Earthshaker,2,10,6,18,100,261,11636,,44,336,2.0,25,89,bot,No,44:35,29,24,Yellow Submarine,Nigma,ESL One Germany 2020 Online powered by Intel,7.27,2020-10-07,15.0,18.0,18.0,39.0,79.0,85.0,2605.0,5959.0,8859.0,2275.0,5813.0,8881.0,-941.0,-4402.0,7385.0,-442.0,-2884.0,8096.0
5650042103,Radiant,Win,Sand King,6,27,4,8,168,476,19619,,38,713,8.25,15,158,top,No,41:13,51,25,Nigma,TEMPO,ESL One Germany 2020 Online powered by Intel,7.27,2020-10-09,1.0,3.0,4.0,32.0,73.0,126.0,2455.0,6285.0,10927.0,2246.0,8183.0,15161.0,-1244.0,3576.0,5823.0,-1720.0,484.0,973.0
5650142829,Dire,Win,Timbersaw,8,14,5,12,133,434,14444,3.0,40,588,4.4,13,128,bot,No,33:17,17,46,TEMPO,Nigma,ESL One Germany 2020 Online powered by Intel,7.27,2020-10-09,11.0,12.0,12.0,44.0,81.0,117.0,3104.0,6625.0,11112.0,3183.0,7577.0,13076.0,1211.0,3349.0,17310.0,3466.0,5479.0,15582.0
5655584019,Dire,Lose,Dark Seer,2,9,8,2,193,345,14357,,35,394,1.38,39,138,bot,No,41:37,46,17,mudgolems,Nigma,ESL One Germany 2020 Online powered by Intel,7.27,2020-10-13,2.0,2.0,2.0,47.0,118.0,145.0,3117.0,7266.0,9544.0,3347.0,5957.0,9869.0,-2444.0,-7085.0,-17959.0,-2830.0,-5340.0,-12496.0
5655666196,Dire,Lose,Nature's Prophet,5,8,9,12,230,463,14738,,17,435,1.44,87,141,top,No,31:50,44,21,mudgolems,Nigma,ESL One Germany 2020 Online powered by Intel,7.27,2020-10-13,9.0,10.0,11.0,36.0,101.0,212.0,2800.0,7371.0,13334.0,2412.0,6010.0,11494.0,-1273.0,-8327.0,-20744.0,253.0,-4359.0,-11174.0
5660582491,Dire,Win,Magnus,3,13,1,9,103,364,11860,3.0,26,514,16.0,24,81,bot,No,32:35,10,31,Winstrike Team,Nigma,ESL One Germany 2020 Online powered by Intel,7.27,2020-10-17,5.0,9.0,9.0,34.0,85.0,99.0,2577.0,6463.0,10386.0,2330.0,7201.0,12151.0,1317.0,7486.0,16556.0,2293.0,8575.0,19337.0
5660709534,Dire,Win,Mars,5,12,1,11,88,409,10327,4.0,21,526,17.0,10,83,top,No,25:15,11,33,Winstrike Team,Nigma,ESL One Germany 2020 Online powered by Intel,7.27,2020-10-17,2.0,11.0,,17.0,73.0,,2159.0,6449.0,,1815.0,8064.0,,2034.0,10022.0,,2597.0,9539.0,
5664577929,Dire,Lose,Centaur Warrunner,0,2,10,4,119,274,9448,,32,309,0.2,25,92,bot,No,34:29,35,10,5men,Nigma,ESL One Germany 2020 Online powered by Intel,7.27,2020-10-20,4.0,4.0,4.0,30.0,83.0,116.0,2318.0,5501.0,8512.0,2063.0,5842.0,9330.0,-906.0,-3039.0,-17266.0,-619.0,-4957.0,-16128.0
5664677667,Dire,Win,Magnus,3,18,7,4,159,366,16250,,45,590,3.0,42,115,mid,No,44:24,29,38,5men,Nigma,ESL One Germany 2020 Online powered by Intel,7.27,2020-10-20,4.0,4.0,4.0,68.0,102.0,133.0,3390.0,6827.0,9713.0,4097.0,8730.0,13307.0,-4.0,601.0,-4753.0,-1200.0,-777.0,-4628.0
5664775564,Dire,Win,Magnus,3,28,2,14,114,383,13807,,32,754,15.5,27,99,top,No,36:03,19,41,5men,Nigma,ESL One Germany 2020 Online powered by Intel,7.27,2020-10-20,9.0,14.0,14.0,35.0,87.0,98.0,2263.0,6459.0,10211.0,2778.0,10008.0,18969.0,-5.0,-163.0,16504.0,134.0,7.0,8404.0
5669000737,Radiant,Win,Magnus,1,25,7,4,147,344,16007,,98,625,3.71,20,129,top,No,46:32,40,25,Nigma,Team Secret,ESL One Germany 2020 Online powered by Intel,7.27,2020-10-23,4.0,4.0,4.0,37.0,68.0,101.0,2552.0,5440.0,8988.0,2895.0,7030.0,12502.0,-1044.0,-1984.0,2448.0,30.0,-1780.0,2045.0
5669083367,Dire,Lose,Mars,4,10,5,14,103,298,9749,4.0,41,312,2.8,21,91,bot,No,32:43,30,16,Team Secret,Nigma,ESL One Germany 2020 Online powered by Intel,7.27,2020-10-23,13.0,14.0,14.0,51.0,72.0,103.0,3007.0,6484.0,9152.0,3008.0,6057.0,9528.0,-1016.0,-1403.0,-14112.0,-3263.0,-6619.0,-19337.0
5669141870,Radiant,Lose,Sand King,3,14,9,7,153,355,14430,,64,535,1.89,29,119,top,No,40:39,26,32,Nigma,Team Secret,ESL One Germany 2020 Online powered by Intel,7.27,2020-10-23,7.0,7.0,7.0,33.0,80.0,99.0,2474.0,5836.0,8496.0,2122.0,6738.0,12109.0,-1474.0,3630.0,-3501.0,-881.0,419.0,-2054.0
5671860117,Radiant,Win,Lina,3,17,3,14,153,438,13665,,21,583,6.67,36,122,top,No,31:12,37,14,Nigma,Team Liquid,ESL One Germany 2020 Online powered by Intel,7.27,2020-10-25,9.0,12.0,14.0,33.0,110.0,149.0,2372.0,7485.0,12264.0,2403.0,7791.0,13459.0,924.0,672.0,12952.0,945.0,2901.0,15818.0
5671958835,Radiant,Lose,Magnus,1,7,11,4,100,252,11319,,61,369,0.73,22,78,top,No,44:55,18,49,Nigma,Team Liquid,ESL One Germany 2020 Online powered by Intel,7.27,2020-10-25,2.0,3.0,4.0,27.0,71.0,92.0,2015.0,5347.0,7864.0,2171.0,6504.0,10763.0,-3770.0,-7680.0,-25826.0,-3290.0,-5542.0,-16953.0
5672036135,Dire,Lose,Night Stalker,5,4,9,6,82,276,9641,3.0,27,273,1.0,12,74,bot,No,34:56,41,15,Team Liquid,Nigma,ESL One Germany 2020 Online powered by Intel,7.27,2020-10-25,2.0,2.0,6.0,30.0,69.0,82.0,2421.0,6274.0,8839.0,2272.0,6284.0,8835.0,-1982.0,-6125.0,-20800.0,-1482.0,-5067.0,-15891.0
